survived,pclass,sex,age,sibsp,parch,fare,class,who,adult_male,embark_town,alive,alone,fare_capped,sex_encoded,embarked_c,embarked_q,embarked_s,family_size,is_alone
0,3,male,22.0,1,0,7.25,third,man,True,southampton,no,False,7.25,0,False,False,True,2,0
1,1,female,38.0,1,0,71.2833,first,woman,False,cherbourg,yes,False,65.6344,1,True,False,False,2,0
1,3,female,26.0,0,0,7.925,third,woman,False,southampton,yes,True,7.925,1,False,False,True,1,1
1,1,female,35.0,1,0,53.1,first,woman,False,southampton,yes,False,53.1,1,False,False,True,2,0
0,3,male,35.0,0,0,8.05,third,man,True,southampton,no,True,8.05,0,False,False,True,1,1
0,3,male,25.0,0,0,8.4583,third,man,True,queenstown,no,True,8.4583,0,False,True,False,1,1
0,1,male,54.0,0,0,51.8625,first,man,True,southampton,no,True,51.8625,0,False,False,True,1,1
0,3,male,2.0,3,1,21.075,third,child,False,southampton,no,False,21.075,0,False,False,True,5,0
1,3,female,27.0,0,2,11.1333,third,woman,False,southampton,yes,False,11.1333,1,False,False,True,3,0
1,2,female,14.0,1,0,30.0708,second,child,False,cherbourg,yes,False,30.0708,1,True,False,False,2,0
1,3,female,4.0,1,1,16.7,third,child,False,southampton,yes,False,16.7,1,False,False,True,3,0
1,1,female,58.0,0,0,26.55,first,woman,False,southampton,yes,True,26.55,1,False,False,True,1,1
0,3,male,20.0,0,0,8.05,third,man,True,southampton,no,True,8.05,0,False,False,True,1,1
0,3,male,39.0,1,5,31.275,third,man,True,southampton,no,False,31.275,0,False,False,True,7,0
0,3,female,14.0,0,0,7.8542,third,child,False,southampton,no,True,7.8542,1,False,False,True,1,1
1,2,female,55.0,0,0,16.0,second,woman,False,southampton,yes,True,16.0,1,False,False,True,1,1
0,3,male,2.0,4,1,29.125,third,child,False,queenstown,no,False,29.125,0,False,True,False,6,0
1,2,male,30.0,0,0,13.0,second,man,True,southampton,yes,True,13.0,0,False,False,True,1,1
0,3,female,31.0,1,0,18.0,third,woman,False,southampton,no,False,18.0,1,False,False,True,2,0
1,3,female,21.5,0,0,7.225,third,woman,False,cherbourg,yes,True,7.225,1,True,False,False,1,1
0,2,male,35.0,0,0,26.0,second,man,True,southampton,no,True,26.0,0,False,False,True,1,1
1,2,male,34.0,0,0,13.0,second,man,True,southampton,yes,True,13.0,0,False,False,True,1,1
1,3,female,15.0,0,0,8.0292,third,child,False,queenstown,yes,True,8.0292,1,False,True,False,1,1
1,1,male,28.0,0,0,35.5,first,man,True,southampton,yes,True,35.5,0,False,False,True,1,1
0,3,female,8.0,3,1,21.075,third,child,False,southampton,no,False,21.075,1,False,False,True,5,0
1,3,female,38.0,1,5,31.3875,third,woman,False,southampton,yes,False,31.3875,1,False,False,True,7,0
0,3,male,25.0,0,0,7.225,third,man,True,cherbourg,no,True,7.225,0,True,False,False,1,1
0,1,male,19.0,3,2,263.0,first,man,True,southampton,no,False,65.6344,0,False,False,True,6,0
1,3,female,21.5,0,0,7.8792,third,woman,False,queenstown,yes,True,7.8792,1,False,True,False,1,1
0,3,male,25.0,0,0,7.8958,third,man,True,southampton,no,True,7.8958,0,False,False,True,1,1
0,1,male,40.0,0,0,27.7208,first,man,True,cherbourg,no,True,27.7208,0,True,False,False,1,1
1,1,female,35.0,1,0,146.5208,first,woman,False,cherbourg,yes,False,65.6344,1,True,False,False,2,0
1,3,female,21.5,0,0,7.75,third,woman,False,queenstown,yes,True,7.75,1,False,True,False,1,1
0,2,male,66.0,0,0,10.5,second,man,True,southampton,no,True,10.5,0,False,False,True,1,1
0,1,male,28.0,1,0,82.1708,first,man,True,cherbourg,no,False,65.6344,0,True,False,False,2,0
0,1,male,42.0,1,0,52.0,first,man,True,southampton,no,False,52.0,0,False,False,True,2,0
1,3,male,25.0,0,0,7.2292,third,man,True,cherbourg,yes,True,7.2292,0,True,False,False,1,1
0,3,male,21.0,0,0,8.05,third,man,True,southampton,no,True,8.05,0,False,False,True,1,1
0,3,female,18.0,2,0,18.0,third,woman,False,southampton,no,False,18.0,1,False,False,True,3,0
1,3,female,14.0,1,0,11.2417,third,child,False,cherbourg,yes,False,11.2417,1,True,False,False,2,0
0,3,female,40.0,1,0,9.475,third,woman,False,southampton,no,False,9.475,1,False,False,True,2,0
0,2,female,27.0,1,0,21.0,second,woman,False,southampton,no,False,21.0,1,False,False,True,2,0
0,3,male,25.0,0,0,7.8958,third,man,True,cherbourg,no,True,7.8958,0,True,False,False,1,1
1,2,female,3.0,1,2,41.5792,second,child,False,cherbourg,yes,False,41.5792,1,True,False,False,4,0
1,3,female,19.0,0,0,7.8792,third,woman,False,queenstown,yes,True,7.8792,1,False,True,False,1,1
0,3,male,25.0,0,0,8.05,third,man,True,southampton,no,True,8.05,0,False,False,True,1,1
0,3,male,25.0,1,0,15.5,third,man,True,queenstown,no,False,15.5,0,False,True,False,2,0
1,3,female,21.5,0,0,7.75,third,woman,False,queenstown,yes,True,7.75,1,False,True,False,1,1
0,3,male,25.0,2,0,21.6792,third,man,True,cherbourg,no,False,21.6792,0,True,False,False,3,0
0,3,female,18.0,1,0,17.8,third,woman,False,southampton,no,False,17.8,1,False,False,True,2,0
0,3,male,7.0,4,1,39.6875,third,child,False,southampton,no,False,39.6875,0,False,False,True,6,0
0,3,male,21.0,0,0,7.8,third,man,True,southampton,no,True,7.8,0,False,False,True,1,1
1,1,female,49.0,1,0,76.7292,first,woman,False,cherbourg,yes,False,65.6344,1,True,False,False,2,0
1,2,female,29.0,1,0,26.0,second,woman,False,southampton,yes,False,26.0,1,False,False,True,2,0
0,1,male,65.0,0,1,61.9792,first,man,True,cherbourg,no,False,61.9792,0,True,False,False,2,0
1,1,male,40.0,0,0,35.5,first,man,True,southampton,yes,True,35.5,0,False,False,True,1,1
1,2,female,21.0,0,0,10.5,second,woman,False,southampton,yes,True,10.5,1,False,False,True,1,1
0,3,male,28.5,0,0,7.2292,third,man,True,cherbourg,no,True,7.2292,0,True,False,False,1,1
1,2,female,5.0,1,2,27.75,second,child,False,southampton,yes,False,27.75,1,False,False,True,4,0
0,3,male,11.0,5,2,46.9,third,child,False,southampton,no,False,46.9,0,False,False,True,8,0
0,3,male,22.0,0,0,7.2292,third,man,True,cherbourg,no,True,7.2292,0,True,False,False,1,1
1,1,female,38.0,0,0,80.0,first,woman,False,southampton,yes,True,65.6344,1,False,False,True,1,1
0,1,male,45.0,1,0,83.475,first,man,True,southampton,no,False,65.6344,0,False,False,True,2,0
0,3,male,4.0,3,2,27.9,third,child,False,southampton,no,False,27.9,0,False,False,True,6,0
0,1,male,40.0,0,0,27.7208,first,man,True,cherbourg,no,True,27.7208,0,True,False,False,1,1
1,3,male,25.0,1,1,15.2458,third,man,True,cherbourg,yes,False,15.2458,0,True,False,False,3,0
1,2,female,29.0,0,0,10.5,second,woman,False,southampton,yes,True,10.5,1,False,False,True,1,1
0,3,male,19.0,0,0,8.1583,third,man,True,southampton,no,True,8.1583,0,False,False,True,1,1
1,3,female,17.0,4,2,7.925,third,woman,False,southampton,yes,False,7.925,1,False,False,True,7,0
0,3,male,26.0,2,0,8.6625,third,man,True,southampton,no,False,8.6625,0,False,False,True,3,0
0,2,male,32.0,0,0,10.5,second,man,True,southampton,no,True,10.5,0,False,False,True,1,1
0,3,female,16.0,5,2,46.9,third,woman,False,southampton,no,False,46.9,1,False,False,True,8,0
0,2,male,21.0,0,0,73.5,second,man,True,southampton,no,True,65.6344,0,False,False,True,1,1
0,3,male,26.0,1,0,14.4542,third,man,True,cherbourg,no,False,14.4542,0,True,False,False,2,0
1,3,male,32.0,0,0,56.4958,third,man,True,southampton,yes,True,56.4958,0,False,False,True,1,1
0,3,male,25.0,0,0,7.65,third,man,True,southampton,no,True,7.65,0,False,False,True,1,1
0,3,male,25.0,0,0,7.8958,third,man,True,southampton,no,True,7.8958,0,False,False,True,1,1
0,3,male,25.0,0,0,8.05,third,man,True,southampton,no,True,8.05,0,False,False,True,1,1
1,2,male,0.83,0,2,29.0,second,child,False,southampton,yes,False,29.0,0,False,False,True,3,0
1,3,female,30.0,0,0,12.475,third,woman,False,southampton,yes,True,12.475,1,False,False,True,1,1
0,3,male,22.0,0,0,9.0,third,man,True,southampton,no,True,9.0,0,False,False,True,1,1
1,3,male,29.0,0,0,9.5,third,man,True,southampton,yes,True,9.5,0,False,False,True,1,1
1,3,female,21.5,0,0,7.7875,third,woman,False,queenstown,yes,True,7.7875,1,False,True,False,1,1
0,1,male,28.0,0,0,47.1,first,man,True,southampton,no,True,47.1,0,False,False,True,1,1
1,2,female,17.0,0,0,10.5,second,woman,False,southampton,yes,True,10.5,1,False,False,True,1,1
1,3,female,33.0,3,0,15.85,third,woman,False,southampton,yes,False,15.85,1,False,False,True,4,0
0,3,male,16.0,1,3,34.375,third,man,True,southampton,no,False,34.375,0,False,False,True,5,0
0,3,male,25.0,0,0,8.05,third,man,True,southampton,no,True,8.05,0,False,False,True,1,1
1,1,female,23.0,3,2,263.0,first,woman,False,southampton,yes,False,65.6344,1,False,False,True,6,0
0,3,male,24.0,0,0,8.05,third,man,True,southampton,no,True,8.05,0,False,False,True,1,1
0,3,male,29.0,0,0,8.05,third,man,True,southampton,no,True,8.05,0,False,False,True,1,1
0,3,male,20.0,0,0,7.8542,third,man,True,southampton,no,True,7.8542,0,False,False,True,1,1
0,1,male,46.0,1,0,61.175,first,man,True,southampton,no,False,61.175,0,False,False,True,2,0
0,3,male,26.0,1,2,20.575,third,man,True,southampton,no,False,20.575,0,False,False,True,4,0
0,3,male,59.0,0,0,7.25,third,man,True,southampton,no,True,7.25,0,False,False,True,1,1
0,3,male,25.0,0,0,8.05,third,man,True,southampton,no,True,8.05,0,False,False,True,1,1
0,1,male,71.0,0,0,34.6542,first,man,True,cherbourg,no,True,34.6542,0,True,False,False,1,1
1,1,male,23.0,0,1,63.3583,first,man,True,cherbourg,yes,False,63.3583,0,True,False,False,2,0
1,2,female,34.0,0,1,23.0,second,woman,False,southampton,yes,False,23.0,1,False,False,True,2,0
0,2,male,34.0,1,0,26.0,second,man,True,southampton,no,False,26.0,0,False,False,True,2,0
0,3,female,28.0,0,0,7.8958,third,woman,False,southampton,no,True,7.8958,1,False,False,True,1,1
0,3,male,25.0,0,0,7.8958,third,man,True,southampton,no,True,7.8958,0,False,False,True,1,1
0,1,male,21.0,0,1,77.2875,first,man,True,southampton,no,False,65.6344,0,False,False,True,2,0
0,3,male,33.0,0,0,8.6542,third,man,True,southampton,no,True,8.6542,0,False,False,True,1,1
0,3,male,37.0,2,0,7.925,third,man,True,southampton,no,False,7.925,0,False,False,True,3,0
0,3,male,28.0,0,0,7.8958,third,man,True,southampton,no,True,7.8958,0,False,False,True,1,1
1,3,female,21.0,0,0,7.65,third,woman,False,southampton,yes,True,7.65,1,False,False,True,1,1
1,3,male,25.0,0,0,7.775,third,man,True,southampton,yes,True,7.775,0,False,False,True,1,1
0,3,male,38.0,0,0,7.8958,third,man,True,southampton,no,True,7.8958,0,False,False,True,1,1
1,3,female,21.5,1,0,24.15,third,woman,False,queenstown,yes,False,24.15,1,False,True,False,2,0
0,1,male,47.0,0,0,52.0,first,man,True,southampton,no,True,52.0,0,False,False,True,1,1
0,3,female,14.5,1,0,14.4542,third,child,False,cherbourg,no,False,14.4542,1,True,False,False,2,0
0,3,male,22.0,0,0,8.05,third,man,True,southampton,no,True,8.05,0,False,False,True,1,1
0,3,female,20.0,1,0,9.825,third,woman,False,southampton,no,False,9.825,1,False,False,True,2,0
0,3,female,17.0,0,0,14.4583,third,woman,False,cherbourg,no,True,14.4583,1,True,False,False,1,1
0,3,male,21.0,0,0,7.925,third,man,True,southampton,no,True,7.925,0,False,False,True,1,1
0,3,male,70.5,0,0,7.75,third,man,True,queenstown,no,True,7.75,0,False,True,False,1,1
0,2,male,29.0,1,0,21.0,second,man,True,southampton,no,False,21.0,0,False,False,True,2,0
0,1,male,24.0,0,1,247.5208,first,man,True,cherbourg,no,False,65.6344,0,True,False,False,2,0
0,3,female,2.0,4,2,31.275,third,child,False,southampton,no,False,31.275,1,False,False,True,7,0
0,2,male,21.0,2,0,73.5,second,man,True,southampton,no,False,65.6344,0,False,False,True,3,0
0,3,male,25.0,0,0,8.05,third,man,True,southampton,no,True,8.05,0,False,False,True,1,1
0,2,male,32.5,1,0,30.0708,second,man,True,cherbourg,no,False,30.0708,0,True,False,False,2,0
1,2,female,32.5,0,0,13.0,second,woman,False,southampton,yes,True,13.0,1,False,False,True,1,1
0,1,male,54.0,0,1,77.2875,first,man,True,southampton,no,False,65.6344,0,False,False,True,2,0
1,3,male,12.0,1,0,11.2417,third,child,False,cherbourg,yes,False,11.2417,0,True,False,False,2,0
0,3,male,25.0,0,0,7.75,third,man,True,queenstown,no,True,7.75,0,False,True,False,1,1
1,3,male,24.0,0,0,7.1417,third,man,True,southampton,yes,True,7.1417,0,False,False,True,1,1
1,3,female,21.5,1,1,22.3583,third,woman,False,cherbourg,yes,False,22.3583,1,True,False,False,3,0
0,3,male,45.0,0,0,6.975,third,man,True,southampton,no,True,6.975,0,False,False,True,1,1
0,3,male,33.0,0,0,7.8958,third,man,True,cherbourg,no,True,7.8958,0,True,False,False,1,1
0,3,male,20.0,0,0,7.05,third,man,True,southampton,no,True,7.05,0,False,False,True,1,1
0,3,female,47.0,1,0,14.5,third,woman,False,southampton,no,False,14.5,1,False,False,True,2,0
1,2,female,29.0,1,0,26.0,second,woman,False,southampton,yes,False,26.0,1,False,False,True,2,0
0,2,male,25.0,0,0,13.0,second,man,True,southampton,no,True,13.0,0,False,False,True,1,1
0,2,male,23.0,0,0,15.0458,second,man,True,cherbourg,no,True,15.0458,0,True,False,False,1,1
1,1,female,19.0,0,2,26.2833,first,woman,False,southampton,yes,False,26.2833,1,False,False,True,3,0
0,1,male,37.0,1,0,53.1,first,man,True,southampton,no,False,53.1,0,False,False,True,2,0
0,3,male,16.0,0,0,9.2167,third,man,True,southampton,no,True,9.2167,0,False,False,True,1,1
0,1,male,24.0,0,0,79.2,first,man,True,cherbourg,no,True,65.6344,0,True,False,False,1,1
0,3,female,21.5,0,2,15.2458,third,woman,False,cherbourg,no,False,15.2458,1,True,False,False,3,0
1,3,female,22.0,0,0,7.75,third,woman,False,southampton,yes,True,7.75,1,False,False,True,1,1
1,3,female,24.0,1,0,15.85,third,woman,False,southampton,yes,False,15.85,1,False,False,True,2,0
0,3,male,19.0,0,0,6.75,third,man,True,queenstown,no,True,6.75,0,False,True,False,1,1
0,2,male,18.0,0,0,11.5,second,man,True,southampton,no,True,11.5,0,False,False,True,1,1
0,2,male,19.0,1,1,36.75,second,man,True,southampton,no,False,36.75,0,False,False,True,3,0
1,3,male,27.0,0,0,7.7958,third,man,True,southampton,yes,True,7.7958,0,False,False,True,1,1
0,3,female,9.0,2,2,34.375,third,child,False,southampton,no,False,34.375,1,False,False,True,5,0
0,2,male,36.5,0,2,26.0,second,man,True,southampton,no,False,26.0,0,False,False,True,3,0
0,2,male,42.0,0,0,13.0,second,man,True,southampton,no,True,13.0,0,False,False,True,1,1
0,2,male,51.0,0,0,12.525,second,man,True,southampton,no,True,12.525,0,False,False,True,1,1
1,1,female,22.0,1,0,66.6,first,woman,False,southampton,yes,False,65.6344,1,False,False,True,2,0
0,3,male,55.5,0,0,8.05,third,man,True,southampton,no,True,8.05,0,False,False,True,1,1
0,3,male,40.5,0,2,14.5,third,man,True,southampton,no,False,14.5,0,False,False,True,3,0
0,3,male,25.0,0,0,7.3125,third,man,True,southampton,no,True,7.3125,0,False,False,True,1,1
0,1,male,51.0,0,1,61.3792,first,man,True,cherbourg,no,False,61.3792,0,True,False,False,2,0
1,3,female,16.0,0,0,7.7333,third,woman,False,queenstown,yes,True,7.7333,1,False,True,False,1,1
0,3,male,30.0,0,0,8.05,third,man,True,southampton,no,True,8.05,0,False,False,True,1,1
0,3,male,25.0,0,0,8.6625,third,man,True,southampton,no,True,8.6625,0,False,False,True,1,1
0,3,male,25.0,8,2,69.55,third,man,True,southampton,no,False,65.6344,0,False,False,True,11,0
0,3,male,44.0,0,1,16.1,third,man,True,southampton,no,False,16.1,0,False,False,True,2,0
1,2,female,40.0,0,0,15.75,second,woman,False,southampton,yes,True,15.75,1,False,False,True,1,1
0,3,male,26.0,0,0,7.775,third,man,True,southampton,no,True,7.775,0,False,False,True,1,1
0,3,male,17.0,0,0,8.6625,third,man,True,southampton,no,True,8.6625,0,False,False,True,1,1
0,3,male,1.0,4,1,39.6875,third,child,False,southampton,no,False,39.6875,0,False,False,True,6,0
1,3,male,9.0,0,2,20.525,third,child,False,southampton,yes,False,20.525,0,False,False,True,3,0
1,1,female,35.0,0,1,55.0,first,woman,False,southampton,yes,False,55.0,1,False,False,True,2,0
0,3,female,45.0,1,4,27.9,third,woman,False,southampton,no,False,27.9,1,False,False,True,6,0
0,1,male,40.0,0,0,25.925,first,man,True,southampton,no,True,25.925,0,False,False,True,1,1
0,3,male,28.0,0,0,56.4958,third,man,True,southampton,no,True,56.4958,0,False,False,True,1,1
0,1,male,61.0,0,0,33.5,first,man,True,southampton,no,True,33.5,0,False,False,True,1,1
0,3,male,4.0,4,1,29.125,third,child,False,queenstown,no,False,29.125,0,False,True,False,6,0
1,3,female,1.0,1,1,11.1333,third,child,False,southampton,yes,False,11.1333,1,False,False,True,3,0
0,3,male,21.0,0,0,7.925,third,man,True,southampton,no,True,7.925,0,False,False,True,1,1
0,1,male,56.0,0,0,30.6958,first,man,True,cherbourg,no,True,30.6958,0,True,False,False,1,1
0,3,male,18.0,1,1,7.8542,third,man,True,southampton,no,False,7.8542,0,False,False,True,3,0
0,3,male,25.0,3,1,25.4667,third,man,True,southampton,no,False,25.4667,0,False,False,True,5,0
0,1,female,50.0,0,0,28.7125,first,woman,False,cherbourg,no,True,28.7125,1,True,False,False,1,1
0,2,male,30.0,0,0,13.0,second,man,True,southampton,no,True,13.0,0,False,False,True,1,1
0,3,male,36.0,0,0,0.0,third,man,True,southampton,no,True,0.0,0,False,False,True,1,1
0,3,female,21.5,8,2,69.55,third,woman,False,southampton,no,False,65.6344,1,False,False,True,11,0
0,2,male,30.0,0,0,15.05,second,man,True,cherbourg,no,True,15.05,0,True,False,False,1,1
0,3,male,9.0,4,2,31.3875,third,child,False,southampton,no,False,31.3875,0,False,False,True,7,0
1,2,male,1.0,2,1,39.0,second,child,False,southampton,yes,False,39.0,0,False,False,True,4,0
1,3,female,4.0,0,2,22.025,third,child,False,southampton,yes,False,22.025,1,False,False,True,3,0
0,1,male,40.0,0,0,50.0,first,man,True,southampton,no,True,50.0,0,False,False,True,1,1
1,3,female,21.5,1,0,15.5,third,woman,False,queenstown,yes,False,15.5,1,False,True,False,2,0
1,1,male,45.0,0,0,26.55,first,man,True,southampton,yes,True,26.55,0,False,False,True,1,1
0,3,male,40.0,1,1,15.5,third,man,True,queenstown,no,False,15.5,0,False,True,False,3,0
0,3,male,36.0,0,0,7.8958,third,man,True,southampton,no,True,7.8958,0,False,False,True,1,1
1,2,female,32.0,0,0,13.0,second,woman,False,southampton,yes,True,13.0,1,False,False,True,1,1
0,2,male,19.0,0,0,13.0,second,man,True,southampton,no,True,13.0,0,False,False,True,1,1
1,3,female,19.0,1,0,7.8542,third,woman,False,southampton,yes,False,7.8542,1,False,False,True,2,0
1,2,male,3.0,1,1,26.0,second,child,False,southampton,yes,False,26.0,0,False,False,True,3,0
1,1,female,44.0,0,0,27.7208,first,woman,False,cherbourg,yes,True,27.7208,1,True,False,False,1,1
1,1,female,58.0,0,0,146.5208,first,woman,False,cherbourg,yes,True,65.6344,1,True,False,False,1,1
0,3,male,25.0,0,0,7.75,third,man,True,queenstown,no,True,7.75,0,False,True,False,1,1
0,3,male,42.0,0,1,8.4042,third,man,True,southampton,no,False,8.4042,0,False,False,True,2,0
1,3,female,21.5,0,0,7.75,third,woman,False,queenstown,yes,True,7.75,1,False,True,False,1,1
0,2,female,24.0,0,0,13.0,second,woman,False,southampton,no,True,13.0,1,False,False,True,1,1
0,3,male,28.0,0,0,9.5,third,man,True,southampton,no,True,9.5,0,False,False,True,1,1
0,3,male,25.0,8,2,69.55,third,man,True,southampton,no,False,65.6344,0,False,False,True,11,0
0,3,male,34.0,0,0,6.4958,third,man,True,southampton,no,True,6.4958,0,False,False,True,1,1
0,3,male,45.5,0,0,7.225,third,man,True,cherbourg,no,True,7.225,0,True,False,False,1,1
1,3,male,18.0,0,0,8.05,third,man,True,southampton,yes,True,8.05,0,False,False,True,1,1
0,3,female,2.0,0,1,10.4625,third,child,False,southampton,no,False,10.4625,1,False,False,True,2,0
0,3,male,32.0,1,0,15.85,third,man,True,southampton,no,False,15.85,0,False,False,True,2,0
1,3,male,26.0,0,0,18.7875,third,man,True,cherbourg,yes,True,18.7875,0,True,False,False,1,1
1,3,female,16.0,0,0,7.75,third,woman,False,queenstown,yes,True,7.75,1,False,True,False,1,1
1,1,male,40.0,0,0,31.0,first,man,True,cherbourg,yes,True,31.0,0,True,False,False,1,1
0,3,male,24.0,0,0,7.05,third,man,True,southampton,no,True,7.05,0,False,False,True,1,1
1,2,female,35.0,0,0,21.0,second,woman,False,southampton,yes,True,21.0,1,False,False,True,1,1
0,3,male,22.0,0,0,7.25,third,man,True,southampton,no,True,7.25,0,False,False,True,1,1
0,2,male,30.0,0,0,13.0,second,man,True,southampton,no,True,13.0,0,False,False,True,1,1
0,3,male,25.0,1,0,7.75,third,man,True,queenstown,no,False,7.75,0,False,True,False,2,0
1,1,female,31.0,1,0,113.275,first,woman,False,cherbourg,yes,False,65.6344,1,True,False,False,2,0
1,3,female,27.0,0,0,7.925,third,woman,False,southampton,yes,True,7.925,1,False,False,True,1,1
0,2,male,42.0,1,0,27.0,second,man,True,southampton,no,False,27.0,0,False,False,True,2,0
1,1,female,32.0,0,0,76.2917,first,woman,False,cherbourg,yes,True,65.6344,1,True,False,False,1,1
0,2,male,30.0,0,0,10.5,second,man,True,southampton,no,True,10.5,0,False,False,True,1,1
1,3,male,16.0,0,0,8.05,third,man,True,southampton,yes,True,8.05,0,False,False,True,1,1
0,2,male,27.0,0,0,13.0,second,man,True,southampton,no,True,13.0,0,False,False,True,1,1
0,3,male,51.0,0,0,8.05,third,man,True,southampton,no,True,8.05,0,False,False,True,1,1
0,3,male,25.0,0,0,7.8958,third,man,True,southampton,no,True,7.8958,0,False,False,True,1,1
1,1,male,38.0,1,0,90.0,first,man,True,southampton,yes,False,65.6344,0,False,False,True,2,0
0,3,male,22.0,0,0,9.35,third,man,True,southampton,no,True,9.35,0,False,False,True,1,1
1,2,male,19.0,0,0,10.5,second,man,True,southampton,yes,True,10.5,0,False,False,True,1,1
0,3,male,20.5,0,0,7.25,third,man,True,southampton,no,True,7.25,0,False,False,True,1,1
0,2,male,18.0,0,0,13.0,second,man,True,southampton,no,True,13.0,0,False,False,True,1,1
0,3,female,21.5,3,1,25.4667,third,woman,False,southampton,no,False,25.4667,1,False,False,True,5,0
1,1,female,35.0,1,0,83.475,first,woman,False,southampton,yes,False,65.6344,1,False,False,True,2,0
0,3,male,29.0,0,0,7.775,third,man,True,southampton,no,True,7.775,0,False,False,True,1,1
0,2,male,59.0,0,0,13.5,second,man,True,southampton,no,True,13.5,0,False,False,True,1,1
1,3,female,5.0,4,2,31.3875,third,child,False,southampton,yes,False,31.3875,1,False,False,True,7,0
0,2,male,24.0,0,0,10.5,second,man,True,southampton,no,True,10.5,0,False,False,True,1,1
0,3,female,21.5,0,0,7.55,third,woman,False,southampton,no,True,7.55,1,False,False,True,1,1
0,2,male,44.0,1,0,26.0,second,man,True,southampton,no,False,26.0,0,False,False,True,2,0
1,2,female,8.0,0,2,26.25,second,child,False,southampton,yes,False,26.25,1,False,False,True,3,0
0,2,male,19.0,0,0,10.5,second,man,True,southampton,no,True,10.5,0,False,False,True,1,1
0,2,male,33.0,0,0,12.275,second,man,True,southampton,no,True,12.275,0,False,False,True,1,1
0,3,female,21.5,1,0,14.4542,third,woman,False,cherbourg,no,False,14.4542,1,True,False,False,2,0
1,3,female,21.5,1,0,15.5,third,woman,False,queenstown,yes,False,15.5,1,False,True,False,2,0
0,2,male,29.0,0,0,10.5,second,man,True,southampton,no,True,10.5,0,False,False,True,1,1
0,3,male,22.0,0,0,7.125,third,man,True,southampton,no,True,7.125,0,False,False,True,1,1
0,3,male,30.0,0,0,7.225,third,man,True,cherbourg,no,True,7.225,0,True,False,False,1,1
0,1,male,44.0,2,0,90.0,first,man,True,queenstown,no,False,65.6344,0,False,True,False,3,0
0,3,female,25.0,0,0,7.775,third,woman,False,southampton,no,True,7.775,1,False,False,True,1,1
1,2,female,24.0,0,2,14.5,second,woman,False,southampton,yes,False,14.5,1,False,False,True,3,0
1,1,male,37.0,1,1,52.5542,first,man,True,southampton,yes,False,52.5542,0,False,False,True,3,0
0,2,male,54.0,1,0,26.0,second,man,True,southampton,no,False,26.0,0,False,False,True,2,0
0,3,male,25.0,0,0,7.25,third,man,True,southampton,no,True,7.25,0,False,False,True,1,1
0,3,female,29.0,1,1,10.4625,third,woman,False,southampton,no,False,10.4625,1,False,False,True,3,0
0,1,male,62.0,0,0,26.55,first,man,True,southampton,no,True,26.55,0,False,False,True,1,1
0,3,male,30.0,1,0,16.1,third,man,True,southampton,no,False,16.1,0,False,False,True,2,0
0,3,female,41.0,0,2,20.2125,third,woman,False,southampton,no,False,20.2125,1,False,False,True,3,0
1,3,female,29.0,0,2,15.2458,third,woman,False,cherbourg,yes,False,15.2458,1,True,False,False,3,0
1,1,female,35.0,0,0,79.2,first,woman,False,cherbourg,yes,True,65.6344,1,True,False,False,1,1
1,1,female,30.0,0,0,86.5,first,woman,False,southampton,yes,True,65.6344,1,False,False,True,1,1
1,1,female,35.0,0,0,512.3292,first,woman,False,cherbourg,yes,True,65.6344,1,True,False,False,1,1
1,2,female,50.0,0,1,26.0,second,woman,False,southampton,yes,False,26.0,1,False,False,True,2,0
0,3,male,25.0,0,0,7.75,third,man,True,queenstown,no,True,7.75,0,False,True,False,1,1
1,3,male,3.0,4,2,31.3875,third,child,False,southampton,yes,False,31.3875,0,False,False,True,7,0
0,1,male,52.0,1,1,79.65,first,man,True,southampton,no,False,65.6344,0,False,False,True,3,0
0,1,male,40.0,0,0,0.0,first,man,True,southampton,no,True,0.0,0,False,False,True,1,1
0,3,female,21.5,0,0,7.75,third,woman,False,queenstown,no,True,7.75,1,False,True,False,1,1
0,2,male,36.0,0,0,10.5,second,man,True,southampton,no,True,10.5,0,False,False,True,1,1
0,3,male,16.0,4,1,39.6875,third,man,True,southampton,no,False,39.6875,0,False,False,True,6,0
1,3,male,25.0,1,0,7.775,third,man,True,southampton,yes,False,7.775,0,False,False,True,2,0
1,1,female,58.0,0,1,153.4625,first,woman,False,southampton,yes,False,65.6344,1,False,False,True,2,0
1,1,female,35.0,0,0,135.6333,first,woman,False,southampton,yes,True,65.6344,1,False,False,True,1,1
0,1,male,40.0,0,0,31.0,first,man,True,southampton,no,True,31.0,0,False,False,True,1,1
1,3,male,25.0,0,0,0.0,third,man,True,southampton,yes,True,0.0,0,False,False,True,1,1
1,2,female,41.0,0,1,19.5,second,woman,False,southampton,yes,False,19.5,1,False,False,True,2,0
0,1,male,37.0,0,1,29.7,first,man,True,cherbourg,no,False,29.7,0,True,False,False,2,0
1,3,female,21.5,0,0,7.75,third,woman,False,queenstown,yes,True,7.75,1,False,True,False,1,1
1,1,female,63.0,1,0,77.9583,first,woman,False,southampton,yes,False,65.6344,1,False,False,True,2,0
0,3,female,45.0,0,0,7.75,third,woman,False,southampton,no,True,7.75,1,False,False,True,1,1
0,2,male,30.0,0,0,0.0,second,man,True,southampton,no,True,0.0,0,False,False,True,1,1
0,3,male,7.0,4,1,29.125,third,child,False,queenstown,no,False,29.125,0,False,True,False,6,0
1,3,female,35.0,1,1,20.25,third,woman,False,southampton,yes,False,20.25,1,False,False,True,3,0
0,3,male,65.0,0,0,7.75,third,man,True,queenstown,no,True,7.75,0,False,True,False,1,1
0,3,male,28.0,0,0,7.8542,third,man,True,southampton,no,True,7.8542,0,False,False,True,1,1
0,3,male,16.0,0,0,9.5,third,man,True,southampton,no,True,9.5,0,False,False,True,1,1
1,3,male,19.0,0,0,8.05,third,man,True,southampton,yes,True,8.05,0,False,False,True,1,1
0,1,male,40.0,0,0,26.0,first,man,True,southampton,no,True,26.0,0,False,False,True,1,1
0,3,male,33.0,0,0,8.6625,third,man,True,cherbourg,no,True,8.6625,0,True,False,False,1,1
1,3,male,30.0,0,0,9.5,third,man,True,southampton,yes,True,9.5,0,False,False,True,1,1
0,3,male,22.0,0,0,7.8958,third,man,True,southampton,no,True,7.8958,0,False,False,True,1,1
1,2,male,42.0,0,0,13.0,second,man,True,southampton,yes,True,13.0,0,False,False,True,1,1
1,3,female,22.0,0,0,7.75,third,woman,False,queenstown,yes,True,7.75,1,False,True,False,1,1
1,1,female,26.0,0,0,78.85,first,woman,False,southampton,yes,True,65.6344,1,False,False,True,1,1
1,1,female,19.0,1,0,91.0792,first,woman,False,cherbourg,yes,False,65.6344,1,True,False,False,2,0
0,2,male,36.0,0,0,12.875,second,man,True,cherbourg,no,True,12.875,0,True,False,False,1,1
0,3,female,24.0,0,0,8.85,third,woman,False,southampton,no,True,8.85,1,False,False,True,1,1
0,3,male,24.0,0,0,7.8958,third,man,True,southampton,no,True,7.8958,0,False,False,True,1,1
0,1,male,40.0,0,0,27.7208,first,man,True,cherbourg,no,True,27.7208,0,True,False,False,1,1
0,3,male,23.5,0,0,7.2292,third,man,True,cherbourg,no,True,7.2292,0,True,False,False,1,1
0,1,female,2.0,1,2,151.55,first,child,False,southampton,no,False,65.6344,1,False,False,True,4,0
1,1,male,40.0,0,0,30.5,first,man,True,southampton,yes,True,30.5,0,False,False,True,1,1
1,1,female,50.0,0,1,247.5208,first,woman,False,cherbourg,yes,False,65.6344,1,True,False,False,2,0
1,3,female,21.5,0,0,7.75,third,woman,False,queenstown,yes,True,7.75,1,False,True,False,1,1
1,3,male,25.0,2,0,23.25,third,man,True,queenstown,yes,False,23.25,0,False,True,False,3,0
0,3,male,19.0,0,0,0.0,third,man,True,southampton,no,True,0.0,0,False,False,True,1,1
1,2,female,28.0,0,0,12.35,second,woman,False,queenstown,yes,True,12.35,1,False,True,False,1,1
0,3,male,25.0,0,0,8.05,third,man,True,southampton,no,True,8.05,0,False,False,True,1,1
1,1,male,0.92,1,2,151.55,first,child,False,southampton,yes,False,65.6344,0,False,False,True,4,0
1,1,female,35.0,0,0,110.8833,first,woman,False,cherbourg,yes,True,65.6344,1,True,False,False,1,1
1,1,female,17.0,1,0,108.9,first,woman,False,cherbourg,yes,False,65.6344,1,True,False,False,2,0
0,2,male,30.0,1,0,24.0,second,man,True,cherbourg,no,False,24.0,0,True,False,False,2,0
1,1,female,30.0,0,0,56.9292,first,woman,False,cherbourg,yes,True,56.9292,1,True,False,False,1,1
1,1,female,24.0,0,0,83.1583,first,woman,False,cherbourg,yes,True,65.6344,1,True,False,False,1,1
1,1,female,18.0,2,2,262.375,first,woman,False,cherbourg,yes,False,65.6344,1,True,False,False,5,0
0,2,female,26.0,1,1,26.0,second,woman,False,southampton,no,False,26.0,1,False,False,True,3,0
0,3,male,28.0,0,0,7.8958,third,man,True,southampton,no,True,7.8958,0,False,False,True,1,1
0,2,male,43.0,1,1,26.25,second,man,True,southampton,no,False,26.25,0,False,False,True,3,0
1,3,female,26.0,0,0,7.8542,third,woman,False,southampton,yes,True,7.8542,1,False,False,True,1,1
1,2,female,24.0,1,0,26.0,second,woman,False,southampton,yes,False,26.0,1,False,False,True,2,0
0,2,male,54.0,0,0,14.0,second,man,True,southampton,no,True,14.0,0,False,False,True,1,1
1,1,female,31.0,0,2,164.8667,first,woman,False,southampton,yes,False,65.6344,1,False,False,True,3,0
1,1,female,40.0,1,1,134.5,first,woman,False,cherbourg,yes,False,65.6344,1,True,False,False,3,0
0,3,male,22.0,0,0,7.25,third,man,True,southampton,no,True,7.25,0,False,False,True,1,1
0,3,male,27.0,0,0,7.8958,third,man,True,southampton,no,True,7.8958,0,False,False,True,1,1
1,2,female,30.0,0,0,12.35,second,woman,False,queenstown,yes,True,12.35,1,False,True,False,1,1
1,2,female,22.0,1,1,29.0,second,woman,False,southampton,yes,False,29.0,1,False,False,True,3,0
0,3,male,25.0,8,2,69.55,third,man,True,southampton,no,False,65.6344,0,False,False,True,11,0
1,1,female,36.0,0,0,135.6333,first,woman,False,cherbourg,yes,True,65.6344,1,True,False,False,1,1
0,3,male,61.0,0,0,6.2375,third,man,True,southampton,no,True,6.2375,0,False,False,True,1,1
1,2,female,36.0,0,0,13.0,second,woman,False,southampton,yes,True,13.0,1,False,False,True,1,1
1,3,female,31.0,1,1,20.525,third,woman,False,southampton,yes,False,20.525,1,False,False,True,3,0
1,1,female,16.0,0,1,57.9792,first,woman,False,cherbourg,yes,False,57.9792,1,True,False,False,2,0
1,3,female,21.5,2,0,23.25,third,woman,False,queenstown,yes,False,23.25,1,False,True,False,3,0
0,1,male,45.5,0,0,28.5,first,man,True,southampton,no,True,28.5,0,False,False,True,1,1
0,1,male,38.0,0,1,153.4625,first,man,True,southampton,no,False,65.6344,0,False,False,True,2,0
0,3,male,16.0,2,0,18.0,third,man,True,southampton,no,False,18.0,0,False,False,True,3,0
1,1,female,35.0,1,0,133.65,first,woman,False,southampton,yes,False,65.6344,1,False,False,True,2,0
0,3,male,25.0,0,0,7.8958,third,man,True,southampton,no,True,7.8958,0,False,False,True,1,1
0,1,male,29.0,1,0,66.6,first,man,True,southampton,no,False,65.6344,0,False,False,True,2,0
1,1,female,41.0,0,0,134.5,first,woman,False,cherbourg,yes,True,65.6344,1,True,False,False,1,1
1,3,male,45.0,0,0,8.05,third,man,True,southampton,yes,True,8.05,0,False,False,True,1,1
0,1,male,45.0,0,0,35.5,first,man,True,southampton,no,True,35.5,0,False,False,True,1,1
1,2,male,2.0,1,1,26.0,second,child,False,southampton,yes,False,26.0,0,False,False,True,3,0
1,1,female,24.0,3,2,263.0,first,woman,False,southampton,yes,False,65.6344,1,False,False,True,6,0
0,2,male,28.0,0,0,13.0,second,man,True,southampton,no,True,13.0,0,False,False,True,1,1
0,2,male,25.0,0,0,13.0,second,man,True,southampton,no,True,13.0,0,False,False,True,1,1
0,2,male,36.0,0,0,13.0,second,man,True,southampton,no,True,13.0,0,False,False,True,1,1
1,2,female,24.0,0,0,13.0,second,woman,False,southampton,yes,True,13.0,1,False,False,True,1,1
1,2,female,40.0,0,0,13.0,second,woman,False,southampton,yes,True,13.0,1,False,False,True,1,1
1,3,female,21.5,1,0,16.1,third,woman,False,southampton,yes,False,16.1,1,False,False,True,2,0
1,3,male,3.0,1,1,15.9,third,child,False,southampton,yes,False,15.9,0,False,False,True,3,0
0,3,male,42.0,0,0,8.6625,third,man,True,southampton,no,True,8.6625,0,False,False,True,1,1
0,3,male,23.0,0,0,9.225,third,man,True,southampton,no,True,9.225,0,False,False,True,1,1
0,1,male,40.0,0,0,35.0,first,man,True,southampton,no,True,35.0,0,False,False,True,1,1
0,3,male,15.0,1,1,7.2292,third,child,False,cherbourg,no,False,7.2292,0,True,False,False,3,0
0,3,male,25.0,1,0,17.8,third,man,True,southampton,no,False,17.8,0,False,False,True,2,0
0,3,male,25.0,0,0,7.225,third,man,True,cherbourg,no,True,7.225,0,True,False,False,1,1
0,3,male,28.0,0,0,9.5,third,man,True,southampton,no,True,9.5,0,False,False,True,1,1
1,1,female,22.0,0,1,55.0,first,woman,False,southampton,yes,False,55.0,1,False,False,True,2,0
0,2,female,38.0,0,0,13.0,second,woman,False,southampton,no,True,13.0,1,False,False,True,1,1
1,3,female,21.5,0,0,7.8792,third,woman,False,queenstown,yes,True,7.8792,1,False,True,False,1,1
1,3,female,21.5,0,0,7.8792,third,woman,False,queenstown,yes,True,7.8792,1,False,True,False,1,1
0,3,male,40.0,1,4,27.9,third,man,True,southampton,no,False,27.9,0,False,False,True,6,0
0,2,male,29.0,1,0,27.7208,second,man,True,cherbourg,no,False,27.7208,0,True,False,False,2,0
0,3,female,45.0,0,1,14.4542,third,woman,False,cherbourg,no,False,14.4542,1,True,False,False,2,0
0,3,male,35.0,0,0,7.05,third,man,True,southampton,no,True,7.05,0,False,False,True,1,1
0,3,male,25.0,1,0,15.5,third,man,True,queenstown,no,False,15.5,0,False,True,False,2,0
0,3,male,30.0,0,0,7.25,third,man,True,southampton,no,True,7.25,0,False,False,True,1,1
1,1,female,60.0,1,0,75.25,first,woman,False,cherbourg,yes,False,65.6344,1,True,False,False,2,0
1,3,female,21.5,0,0,7.2292,third,woman,False,cherbourg,yes,True,7.2292,1,True,False,False,1,1
1,3,female,21.5,0,0,7.75,third,woman,False,queenstown,yes,True,7.75,1,False,True,False,1,1
1,1,female,24.0,0,0,69.3,first,woman,False,cherbourg,yes,True,65.6344,1,True,False,False,1,1
1,1,male,25.0,1,0,55.4417,first,man,True,cherbourg,yes,False,55.4417,0,True,False,False,2,0
0,3,male,18.0,1,0,6.4958,third,man,True,southampton,no,False,6.4958,0,False,False,True,2,0
0,3,male,19.0,0,0,8.05,third,man,True,southampton,no,True,8.05,0,False,False,True,1,1
0,1,male,22.0,0,0,135.6333,first,man,True,cherbourg,no,True,65.6344,0,True,False,False,1,1
0,3,female,3.0,3,1,21.075,third,child,False,southampton,no,False,21.075,1,False,False,True,5,0
1,1,female,35.0,1,0,82.1708,first,woman,False,cherbourg,yes,False,65.6344,1,True,False,False,2,0
1,3,female,22.0,0,0,7.25,third,woman,False,southampton,yes,True,7.25,1,False,False,True,1,1
0,1,male,27.0,0,2,211.5,first,man,True,cherbourg,no,False,65.6344,0,True,False,False,3,0
0,3,male,20.0,0,0,4.0125,third,man,True,cherbourg,no,True,4.0125,0,True,False,False,1,1
0,3,male,19.0,0,0,7.775,third,man,True,southampton,no,True,7.775,0,False,False,True,1,1
1,1,female,42.0,0,0,227.525,first,woman,False,cherbourg,yes,True,65.6344,1,True,False,False,1,1
1,3,female,1.0,0,2,15.7417,third,child,False,cherbourg,yes,False,15.7417,1,True,False,False,3,0
0,3,male,32.0,0,0,7.925,third,man,True,southampton,no,True,7.925,0,False,False,True,1,1
1,1,female,35.0,1,0,52.0,first,woman,False,southampton,yes,False,52.0,1,False,False,True,2,0
0,3,male,25.0,0,0,7.8958,third,man,True,southampton,no,True,7.8958,0,False,False,True,1,1
0,2,male,18.0,0,0,73.5,second,man,True,southampton,no,True,65.6344,0,False,False,True,1,1
0,3,male,1.0,5,2,46.9,third,child,False,southampton,no,False,46.9,0,False,False,True,8,0
1,2,female,36.0,0,0,13.0,second,woman,False,southampton,yes,True,13.0,1,False,False,True,1,1
0,3,male,25.0,0,0,7.7292,third,man,True,queenstown,no,True,7.7292,0,False,True,False,1,1
1,2,female,17.0,0,0,12.0,second,woman,False,cherbourg,yes,True,12.0,1,True,False,False,1,1
1,1,male,36.0,1,2,120.0,first,man,True,southampton,yes,False,65.6344,0,False,False,True,4,0
1,3,male,21.0,0,0,7.7958,third,man,True,southampton,yes,True,7.7958,0,False,False,True,1,1
0,3,male,28.0,2,0,7.925,third,man,True,southampton,no,False,7.925,0,False,False,True,3,0
1,1,female,23.0,1,0,113.275,first,woman,False,cherbourg,yes,False,65.6344,1,True,False,False,2,0
1,3,female,24.0,0,2,16.7,third,woman,False,southampton,yes,False,16.7,1,False,False,True,3,0
0,3,male,22.0,0,0,7.7958,third,man,True,southampton,no,True,7.7958,0,False,False,True,1,1
0,3,female,31.0,0,0,7.8542,third,woman,False,southampton,no,True,7.8542,1,False,False,True,1,1
0,2,male,46.0,0,0,26.0,second,man,True,southampton,no,True,26.0,0,False,False,True,1,1
0,2,male,23.0,0,0,10.5,second,man,True,southampton,no,True,10.5,0,False,False,True,1,1
1,2,female,28.0,0,0,12.65,second,woman,False,southampton,yes,True,12.65,1,False,False,True,1,1
1,3,male,39.0,0,0,7.925,third,man,True,southampton,yes,True,7.925,0,False,False,True,1,1
0,3,male,26.0,0,0,8.05,third,man,True,southampton,no,True,8.05,0,False,False,True,1,1
0,3,female,21.0,1,0,9.825,third,woman,False,southampton,no,False,9.825,1,False,False,True,2,0
0,3,male,28.0,1,0,15.85,third,man,True,southampton,no,False,15.85,0,False,False,True,2,0
0,3,female,20.0,0,0,8.6625,third,woman,False,southampton,no,True,8.6625,1,False,False,True,1,1
0,2,male,34.0,1,0,21.0,second,man,True,southampton,no,False,21.0,0,False,False,True,2,0
0,3,male,51.0,0,0,7.75,third,man,True,southampton,no,True,7.75,0,False,False,True,1,1
1,2,male,3.0,1,1,18.75,second,child,False,southampton,yes,False,18.75,0,False,False,True,3,0
0,3,male,21.0,0,0,7.775,third,man,True,southampton,no,True,7.775,0,False,False,True,1,1
0,3,female,21.5,3,1,25.4667,third,woman,False,southampton,no,False,25.4667,1,False,False,True,5,0
0,3,male,25.0,0,0,7.8958,third,man,True,southampton,no,True,7.8958,0,False,False,True,1,1
0,3,male,25.0,0,0,6.8583,third,man,True,queenstown,no,True,6.8583,0,False,True,False,1,1
1,1,female,33.0,1,0,90.0,first,woman,False,queenstown,yes,False,65.6344,1,False,True,False,2,0
0,2,male,30.0,0,0,0.0,second,man,True,southampton,no,True,0.0,0,False,False,True,1,1
1,3,male,44.0,0,0,7.925,third,man,True,southampton,yes,True,7.925,0,False,False,True,1,1
0,3,female,21.5,0,0,8.05,third,woman,False,southampton,no,True,8.05,1,False,False,True,1,1
1,2,female,34.0,1,1,32.5,second,woman,False,southampton,yes,False,32.5,1,False,False,True,3,0
1,2,female,18.0,0,2,13.0,second,woman,False,southampton,yes,False,13.0,1,False,False,True,3,0
0,2,male,30.0,0,0,13.0,second,man,True,southampton,no,True,13.0,0,False,False,True,1,1
0,3,female,10.0,0,2,24.15,third,child,False,southampton,no,False,24.15,1,False,False,True,3,0
0,3,male,25.0,0,0,7.8958,third,man,True,cherbourg,no,True,7.8958,0,True,False,False,1,1
0,3,male,21.0,0,0,7.7333,third,man,True,queenstown,no,True,7.7333,0,False,True,False,1,1
0,3,male,29.0,0,0,7.875,third,man,True,southampton,no,True,7.875,0,False,False,True,1,1
0,3,female,28.0,1,1,14.4,third,woman,False,southampton,no,False,14.4,1,False,False,True,3,0
0,3,male,18.0,1,1,20.2125,third,man,True,southampton,no,False,20.2125,0,False,False,True,3,0
0,3,male,25.0,0,0,7.25,third,man,True,southampton,no,True,7.25,0,False,False,True,1,1
1,2,female,28.0,1,0,26.0,second,woman,False,southampton,yes,False,26.0,1,False,False,True,2,0
1,2,female,19.0,0,0,26.0,second,woman,False,southampton,yes,True,26.0,1,False,False,True,1,1
0,3,male,25.0,0,0,7.75,third,man,True,queenstown,no,True,7.75,0,False,True,False,1,1
1,3,male,32.0,0,0,8.05,third,man,True,southampton,yes,True,8.05,0,False,False,True,1,1
1,1,male,28.0,0,0,26.55,first,man,True,southampton,yes,True,26.55,0,False,False,True,1,1
1,3,female,21.5,1,0,16.1,third,woman,False,southampton,yes,False,16.1,1,False,False,True,2,0
1,2,female,42.0,1,0,26.0,second,woman,False,southampton,yes,False,26.0,1,False,False,True,2,0
0,3,male,17.0,0,0,7.125,third,man,True,southampton,no,True,7.125,0,False,False,True,1,1
0,1,male,50.0,1,0,55.9,first,man,True,southampton,no,False,55.9,0,False,False,True,2,0
1,1,female,14.0,1,2,120.0,first,child,False,southampton,yes,False,65.6344,1,False,False,True,4,0
0,3,female,21.0,2,2,34.375,third,woman,False,southampton,no,False,34.375,1,False,False,True,5,0
1,2,female,24.0,2,3,18.75,second,woman,False,southampton,yes,False,18.75,1,False,False,True,6,0
0,1,male,64.0,1,4,263.0,first,man,True,southampton,no,False,65.6344,0,False,False,True,6,0
0,2,male,31.0,0,0,10.5,second,man,True,southampton,no,True,10.5,0,False,False,True,1,1
1,2,female,45.0,1,1,26.25,second,woman,False,southampton,yes,False,26.25,1,False,False,True,3,0
0,3,male,20.0,0,0,9.5,third,man,True,southampton,no,True,9.5,0,False,False,True,1,1
0,3,male,25.0,1,0,7.775,third,man,True,southampton,no,False,7.775,0,False,False,True,2,0
1,2,female,28.0,0,0,13.0,second,woman,False,southampton,yes,True,13.0,1,False,False,True,1,1
1,3,male,25.0,0,0,8.1125,third,man,True,southampton,yes,True,8.1125,0,False,False,True,1,1
1,1,male,4.0,0,2,81.8583,first,child,False,southampton,yes,False,65.6344,0,False,False,True,3,0
1,2,female,13.0,0,1,19.5,second,child,False,southampton,yes,False,19.5,1,False,False,True,2,0
1,1,male,34.0,0,0,26.55,first,man,True,southampton,yes,True,26.55,0,False,False,True,1,1
1,3,female,5.0,2,1,19.2583,third,child,False,cherbourg,yes,False,19.2583,1,True,False,False,4,0
1,1,male,52.0,0,0,30.5,first,man,True,southampton,yes,True,30.5,0,False,False,True,1,1
0,2,male,36.0,1,2,27.75,second,man,True,southampton,no,False,27.75,0,False,False,True,4,0
0,3,male,25.0,1,0,19.9667,third,man,True,southampton,no,False,19.9667,0,False,False,True,2,0
0,1,male,30.0,0,0,27.75,first,man,True,cherbourg,no,True,27.75,0,True,False,False,1,1
1,1,male,49.0,1,0,89.1042,first,man,True,cherbourg,yes,False,65.6344,0,True,False,False,2,0
0,3,male,25.0,0,0,8.05,third,man,True,southampton,no,True,8.05,0,False,False,True,1,1
1,3,male,29.0,0,0,7.8958,third,man,True,cherbourg,yes,True,7.8958,0,True,False,False,1,1
0,1,male,65.0,0,0,26.55,first,man,True,southampton,no,True,26.55,0,False,False,True,1,1
1,1,female,35.0,1,0,51.8625,first,woman,False,southampton,yes,False,51.8625,1,False,False,True,2,0
1,2,female,50.0,0,0,10.5,second,woman,False,southampton,yes,True,10.5,1,False,False,True,1,1
0,3,male,25.0,0,0,7.75,third,man,True,queenstown,no,True,7.75,0,False,True,False,1,1
1,1,male,48.0,0,0,26.55,first,man,True,southampton,yes,True,26.55,0,False,False,True,1,1
0,3,male,34.0,0,0,8.05,third,man,True,southampton,no,True,8.05,0,False,False,True,1,1
0,1,male,47.0,0,0,38.5,first,man,True,southampton,no,True,38.5,0,False,False,True,1,1
0,2,male,48.0,0,0,13.0,second,man,True,southampton,no,True,13.0,0,False,False,True,1,1
0,3,male,25.0,0,0,8.05,third,man,True,southampton,no,True,8.05,0,False,False,True,1,1
0,3,male,38.0,0,0,7.05,third,man,True,southampton,no,True,7.05,0,False,False,True,1,1
0,2,male,30.0,0,0,0.0,second,man,True,southampton,no,True,0.0,0,False,False,True,1,1
0,1,male,56.0,0,0,26.55,first,man,True,southampton,no,True,26.55,0,False,False,True,1,1
0,3,male,25.0,0,0,7.725,third,man,True,queenstown,no,True,7.725,0,False,True,False,1,1
1,3,female,0.75,2,1,19.2583,third,child,False,cherbourg,yes,False,19.2583,1,True,False,False,4,0
0,3,male,25.0,0,0,7.25,third,man,True,southampton,no,True,7.25,0,False,False,True,1,1
0,3,male,38.0,0,0,8.6625,third,man,True,southampton,no,True,8.6625,0,False,False,True,1,1
1,2,female,33.0,1,2,27.75,second,woman,False,southampton,yes,False,27.75,1,False,False,True,4,0
1,2,female,23.0,0,0,13.7917,second,woman,False,cherbourg,yes,True,13.7917,1,True,False,False,1,1
0,3,female,22.0,0,0,9.8375,third,woman,False,southampton,no,True,9.8375,1,False,False,True,1,1
0,1,male,40.0,0,0,52.0,first,man,True,southampton,no,True,52.0,0,False,False,True,1,1
0,2,male,34.0,1,0,21.0,second,man,True,southampton,no,False,21.0,0,False,False,True,2,0
0,3,male,29.0,1,0,7.0458,third,man,True,southampton,no,False,7.0458,0,False,False,True,2,0
0,3,male,22.0,0,0,7.5208,third,man,True,southampton,no,True,7.5208,0,False,False,True,1,1
1,3,female,2.0,0,1,12.2875,third,child,False,southampton,yes,False,12.2875,1,False,False,True,2,0
0,3,male,9.0,5,2,46.9,third,child,False,southampton,no,False,46.9,0,False,False,True,8,0
0,2,male,30.0,0,0,0.0,second,man,True,southampton,no,True,0.0,0,False,False,True,1,1
0,3,male,50.0,0,0,8.05,third,man,True,southampton,no,True,8.05,0,False,False,True,1,1
1,3,female,63.0,0,0,9.5875,third,woman,False,southampton,yes,True,9.5875,1,False,False,True,1,1
1,1,male,25.0,1,0,91.0792,first,man,True,cherbourg,yes,False,65.6344,0,True,False,False,2,0
0,3,female,21.5,3,1,25.4667,third,woman,False,southampton,no,False,25.4667,1,False,False,True,5,0
1,1,female,35.0,1,0,90.0,first,woman,False,southampton,yes,False,65.6344,1,False,False,True,2,0
0,1,male,58.0,0,0,29.7,first,man,True,cherbourg,no,True,29.7,0,True,False,False,1,1
0,3,male,30.0,0,0,8.05,third,man,True,southampton,no,True,8.05,0,False,False,True,1,1
1,3,male,9.0,1,1,15.9,third,child,False,southampton,yes,False,15.9,0,False,False,True,3,0
0,3,male,25.0,1,0,19.9667,third,man,True,southampton,no,False,19.9667,0,False,False,True,2,0
0,3,male,21.0,0,0,7.25,third,man,True,southampton,no,True,7.25,0,False,False,True,1,1
0,1,male,55.0,0,0,30.5,first,man,True,southampton,no,True,30.5,0,False,False,True,1,1
0,1,male,71.0,0,0,49.5042,first,man,True,cherbourg,no,True,49.5042,0,True,False,False,1,1
0,3,male,21.0,0,0,8.05,third,man,True,southampton,no,True,8.05,0,False,False,True,1,1
0,3,male,25.0,0,0,14.4583,third,man,True,cherbourg,no,True,14.4583,0,True,False,False,1,1
1,1,female,54.0,1,0,78.2667,first,woman,False,cherbourg,yes,False,65.6344,1,True,False,False,2,0
0,3,male,25.0,0,0,15.1,third,man,True,southampton,no,True,15.1,0,False,False,True,1,1
0,1,female,25.0,1,2,151.55,first,woman,False,southampton,no,False,65.6344,1,False,False,True,4,0
0,3,male,24.0,0,0,7.7958,third,man,True,southampton,no,True,7.7958,0,False,False,True,1,1
0,3,male,17.0,0,0,8.6625,third,man,True,southampton,no,True,8.6625,0,False,False,True,1,1
0,3,female,21.0,0,0,7.75,third,woman,False,queenstown,no,True,7.75,1,False,True,False,1,1
0,3,female,21.5,0,0,7.6292,third,woman,False,queenstown,no,True,7.6292,1,False,True,False,1,1
0,3,female,37.0,0,0,9.5875,third,woman,False,southampton,no,True,9.5875,1,False,False,True,1,1
1,1,female,16.0,0,0,86.5,first,woman,False,southampton,yes,True,65.6344,1,False,False,True,1,1
0,1,male,18.0,1,0,108.9,first,man,True,cherbourg,no,False,65.6344,0,True,False,False,2,0
1,2,female,33.0,0,2,26.0,second,woman,False,southampton,yes,False,26.0,1,False,False,True,3,0
1,1,male,40.0,0,0,26.55,first,man,True,southampton,yes,True,26.55,0,False,False,True,1,1
0,3,male,28.0,0,0,22.525,third,man,True,southampton,no,True,22.525,0,False,False,True,1,1
1,3,male,26.0,0,0,56.4958,third,man,True,southampton,yes,True,56.4958,0,False,False,True,1,1
1,3,male,29.0,0,0,7.75,third,man,True,queenstown,yes,True,7.75,0,False,True,False,1,1
0,3,male,25.0,0,0,8.05,third,man,True,southampton,no,True,8.05,0,False,False,True,1,1
1,1,male,36.0,0,0,26.2875,first,man,True,southampton,yes,True,26.2875,0,False,False,True,1,1
1,1,female,54.0,1,0,59.4,first,woman,False,cherbourg,yes,False,59.4,1,True,False,False,2,0
0,3,male,24.0,0,0,7.4958,third,man,True,southampton,no,True,7.4958,0,False,False,True,1,1
0,1,male,47.0,0,0,34.0208,first,man,True,southampton,no,True,34.0208,0,False,False,True,1,1
1,2,female,34.0,0,0,10.5,second,woman,False,southampton,yes,True,10.5,1,False,False,True,1,1
0,3,male,25.0,0,0,24.15,third,man,True,queenstown,no,True,24.15,0,False,True,False,1,1
1,2,female,36.0,1,0,26.0,second,woman,False,southampton,yes,False,26.0,1,False,False,True,2,0
0,3,male,32.0,0,0,7.8958,third,man,True,southampton,no,True,7.8958,0,False,False,True,1,1
1,1,female,30.0,0,0,93.5,first,woman,False,southampton,yes,True,65.6344,1,False,False,True,1,1
0,3,male,22.0,0,0,7.8958,third,man,True,southampton,no,True,7.8958,0,False,False,True,1,1
0,3,male,25.0,0,0,7.225,third,man,True,cherbourg,no,True,7.225,0,True,False,False,1,1
1,1,female,44.0,0,1,57.9792,first,woman,False,cherbourg,yes,False,57.9792,1,True,False,False,2,0
0,3,male,25.0,0,0,7.2292,third,man,True,cherbourg,no,True,7.2292,0,True,False,False,1,1
0,3,male,40.5,0,0,7.75,third,man,True,queenstown,no,True,7.75,0,False,True,False,1,1
1,2,female,50.0,0,0,10.5,second,woman,False,southampton,yes,True,10.5,1,False,False,True,1,1
0,1,male,40.0,0,0,221.7792,first,man,True,southampton,no,True,65.6344,0,False,False,True,1,1
0,3,male,39.0,0,0,7.925,third,man,True,southampton,no,True,7.925,0,False,False,True,1,1
0,2,male,23.0,2,1,11.5,second,man,True,southampton,no,False,11.5,0,False,False,True,4,0
1,2,female,2.0,1,1,26.0,second,child,False,southampton,yes,False,26.0,1,False,False,True,3,0
0,3,male,25.0,0,0,7.2292,third,man,True,cherbourg,no,True,7.2292,0,True,False,False,1,1
0,3,male,17.0,1,1,7.2292,third,man,True,cherbourg,no,False,7.2292,0,True,False,False,3,0
1,3,female,21.5,0,2,22.3583,third,woman,False,cherbourg,yes,False,22.3583,1,True,False,False,3,0
0,3,female,30.0,0,0,8.6625,third,woman,False,southampton,no,True,8.6625,1,False,False,True,1,1
1,2,female,7.0,0,2,26.25,second,child,False,southampton,yes,False,26.25,1,False,False,True,3,0
0,1,male,45.0,0,0,26.55,first,man,True,southampton,no,True,26.55,0,False,False,True,1,1
1,1,female,30.0,0,0,106.425,first,woman,False,cherbourg,yes,True,65.6344,1,True,False,False,1,1
0,3,male,25.0,0,0,14.5,third,man,True,southampton,no,True,14.5,0,False,False,True,1,1
1,1,female,22.0,0,2,49.5,first,woman,False,cherbourg,yes,False,49.5,1,True,False,False,3,0
1,1,female,36.0,0,2,71.0,first,woman,False,southampton,yes,False,65.6344,1,False,False,True,3,0
0,3,female,9.0,4,2,31.275,third,child,False,southampton,no,False,31.275,1,False,False,True,7,0
0,3,female,11.0,4,2,31.275,third,child,False,southampton,no,False,31.275,1,False,False,True,7,0
1,2,male,32.0,1,0,26.0,second,man,True,southampton,yes,False,26.0,0,False,False,True,2,0
0,1,male,50.0,1,0,106.425,first,man,True,cherbourg,no,False,65.6344,0,True,False,False,2,0
0,1,male,64.0,0,0,26.0,first,man,True,southampton,no,True,26.0,0,False,False,True,1,1
1,2,female,19.0,1,0,26.0,second,woman,False,southampton,yes,False,26.0,1,False,False,True,2,0
1,2,male,30.0,0,0,13.8625,second,man,True,cherbourg,yes,True,13.8625,0,True,False,False,1,1
0,3,male,33.0,1,1,20.525,third,man,True,southampton,no,False,20.525,0,False,False,True,3,0
1,2,male,8.0,1,1,36.75,second,child,False,southampton,yes,False,36.75,0,False,False,True,3,0
1,1,male,17.0,0,2,110.8833,first,man,True,cherbourg,yes,False,65.6344,0,True,False,False,3,0
0,2,male,27.0,0,0,26.0,second,man,True,southampton,no,True,26.0,0,False,False,True,1,1
0,3,male,25.0,0,0,7.8292,third,man,True,queenstown,no,True,7.8292,0,False,True,False,1,1
1,3,male,22.0,0,0,7.225,third,man,True,cherbourg,yes,True,7.225,0,True,False,False,1,1
1,3,female,22.0,0,0,7.775,third,woman,False,southampton,yes,True,7.775,1,False,False,True,1,1
0,1,male,62.0,0,0,26.55,first,man,True,southampton,no,True,26.55,0,False,False,True,1,1
1,1,female,48.0,1,0,39.6,first,woman,False,cherbourg,yes,False,39.6,1,True,False,False,2,0
0,1,male,40.0,0,0,227.525,first,man,True,cherbourg,no,True,65.6344,0,True,False,False,1,1
1,1,female,39.0,1,1,79.65,first,woman,False,southampton,yes,False,65.6344,1,False,False,True,3,0
1,3,female,36.0,1,0,17.4,third,woman,False,southampton,yes,False,17.4,1,False,False,True,2,0
0,3,male,25.0,0,0,7.75,third,man,True,queenstown,no,True,7.75,0,False,True,False,1,1
0,3,male,40.0,0,0,7.8958,third,man,True,southampton,no,True,7.8958,0,False,False,True,1,1
0,2,male,28.0,0,0,13.5,second,man,True,southampton,no,True,13.5,0,False,False,True,1,1
0,3,male,25.0,0,0,8.05,third,man,True,southampton,no,True,8.05,0,False,False,True,1,1
0,3,female,21.5,0,0,8.05,third,woman,False,southampton,no,True,8.05,1,False,False,True,1,1
0,3,male,24.0,2,0,24.15,third,man,True,southampton,no,False,24.15,0,False,False,True,3,0
0,3,male,19.0,0,0,7.8958,third,man,True,southampton,no,True,7.8958,0,False,False,True,1,1
0,3,female,29.0,0,4,21.075,third,woman,False,southampton,no,False,21.075,1,False,False,True,5,0
0,3,male,25.0,0,0,7.2292,third,man,True,cherbourg,no,True,7.2292,0,True,False,False,1,1
1,3,male,32.0,0,0,7.8542,third,man,True,southampton,yes,True,7.8542,0,False,False,True,1,1
1,2,male,62.0,0,0,10.5,second,man,True,southampton,yes,True,10.5,0,False,False,True,1,1
1,1,female,53.0,2,0,51.4792,first,woman,False,southampton,yes,False,51.4792,1,False,False,True,3,0
1,1,male,36.0,0,0,26.3875,first,man,True,southampton,yes,True,26.3875,0,False,False,True,1,1
1,3,female,21.5,0,0,7.75,third,woman,False,queenstown,yes,True,7.75,1,False,True,False,1,1
0,3,male,16.0,0,0,8.05,third,man,True,southampton,no,True,8.05,0,False,False,True,1,1
0,3,male,19.0,0,0,14.5,third,man,True,southampton,no,True,14.5,0,False,False,True,1,1
1,2,female,34.0,0,0,13.0,second,woman,False,southampton,yes,True,13.0,1,False,False,True,1,1
1,1,female,39.0,1,0,55.9,first,woman,False,southampton,yes,False,55.9,1,False,False,True,2,0
0,3,female,21.5,1,0,14.4583,third,woman,False,cherbourg,no,False,14.4583,1,True,False,False,2,0
1,3,male,32.0,0,0,7.925,third,man,True,southampton,yes,True,7.925,0,False,False,True,1,1
1,2,female,25.0,1,1,30.0,second,woman,False,southampton,yes,False,30.0,1,False,False,True,3,0
1,1,female,39.0,1,1,110.8833,first,woman,False,cherbourg,yes,False,65.6344,1,True,False,False,3,0
0,2,male,54.0,0,0,26.0,second,man,True,southampton,no,True,26.0,0,False,False,True,1,1
0,1,male,36.0,0,0,40.125,first,man,True,cherbourg,no,True,40.125,0,True,False,False,1,1
0,3,male,25.0,0,0,8.7125,third,man,True,cherbourg,no,True,8.7125,0,True,False,False,1,1
1,1,female,18.0,0,2,79.65,first,woman,False,southampton,yes,False,65.6344,1,False,False,True,3,0
0,2,male,47.0,0,0,15.0,second,man,True,southampton,no,True,15.0,0,False,False,True,1,1
1,1,male,60.0,1,1,79.2,first,man,True,cherbourg,yes,False,65.6344,0,True,False,False,3,0
0,3,male,22.0,0,0,8.05,third,man,True,southampton,no,True,8.05,0,False,False,True,1,1
0,3,male,25.0,0,0,8.05,third,man,True,southampton,no,True,8.05,0,False,False,True,1,1
0,3,male,35.0,0,0,7.125,third,man,True,southampton,no,True,7.125,0,False,False,True,1,1
1,1,female,52.0,1,0,78.2667,first,woman,False,cherbourg,yes,False,65.6344,1,True,False,False,2,0
0,3,male,47.0,0,0,7.25,third,man,True,southampton,no,True,7.25,0,False,False,True,1,1
0,3,female,21.5,0,2,7.75,third,woman,False,queenstown,no,False,7.75,1,False,True,False,3,0
0,2,male,37.0,1,0,26.0,second,man,True,southampton,no,False,26.0,0,False,False,True,2,0
0,3,male,36.0,1,1,24.15,third,man,True,southampton,no,False,24.15,0,False,False,True,3,0
1,2,female,28.0,0,0,33.0,second,woman,False,southampton,yes,True,33.0,1,False,False,True,1,1
0,3,male,49.0,0,0,0.0,third,man,True,southampton,no,True,0.0,0,False,False,True,1,1
0,3,male,25.0,0,0,7.225,third,man,True,cherbourg,no,True,7.225,0,True,False,False,1,1
1,1,male,49.0,1,0,56.9292,first,man,True,cherbourg,yes,False,56.9292,0,True,False,False,2,0
1,2,female,24.0,2,1,27.0,second,woman,False,southampton,yes,False,27.0,1,False,False,True,4,0
0,3,male,25.0,0,0,7.8958,third,man,True,southampton,no,True,7.8958,0,False,False,True,1,1
0,1,male,40.0,0,0,42.4,first,man,True,southampton,no,True,42.4,0,False,False,True,1,1
0,3,male,44.0,0,0,8.05,third,man,True,southampton,no,True,8.05,0,False,False,True,1,1
1,1,male,35.0,0,0,26.55,first,man,True,cherbourg,yes,True,26.55,0,True,False,False,1,1
0,3,male,36.0,1,0,15.55,third,man,True,southampton,no,False,15.55,0,False,False,True,2,0
0,3,male,30.0,0,0,7.8958,third,man,True,southampton,no,True,7.8958,0,False,False,True,1,1
1,1,male,27.0,0,0,30.5,first,man,True,southampton,yes,True,30.5,0,False,False,True,1,1
1,2,female,22.0,1,2,41.5792,second,woman,False,cherbourg,yes,False,41.5792,1,True,False,False,4,0
1,1,female,40.0,0,0,153.4625,first,woman,False,southampton,yes,True,65.6344,1,False,False,True,1,1
0,3,female,39.0,1,5,31.275,third,woman,False,southampton,no,False,31.275,1,False,False,True,7,0
0,3,male,25.0,0,0,7.05,third,man,True,southampton,no,True,7.05,0,False,False,True,1,1
1,3,female,21.5,1,0,15.5,third,woman,False,queenstown,yes,False,15.5,1,False,True,False,2,0
0,3,male,25.0,0,0,7.75,third,man,True,queenstown,no,True,7.75,0,False,True,False,1,1
0,3,male,35.0,0,0,8.05,third,man,True,southampton,no,True,8.05,0,False,False,True,1,1
1,2,female,24.0,1,2,65.0,second,woman,False,southampton,yes,False,65.0,1,False,False,True,4,0
0,3,male,34.0,1,1,14.4,third,man,True,southampton,no,False,14.4,0,False,False,True,3,0
0,3,female,26.0,1,0,16.1,third,woman,False,southampton,no,False,16.1,1,False,False,True,2,0
1,2,female,4.0,2,1,39.0,second,child,False,southampton,yes,False,39.0,1,False,False,True,4,0
0,2,male,26.0,0,0,10.5,second,man,True,southampton,no,True,10.5,0,False,False,True,1,1
0,3,male,27.0,1,0,14.4542,third,man,True,cherbourg,no,False,14.4542,0,True,False,False,2,0
1,1,male,42.0,1,0,52.5542,first,man,True,southampton,yes,False,52.5542,0,False,False,True,2,0
1,3,male,20.0,1,1,15.7417,third,man,True,cherbourg,yes,False,15.7417,0,True,False,False,3,0
0,3,male,21.0,0,0,7.8542,third,man,True,southampton,no,True,7.8542,0,False,False,True,1,1
0,3,male,21.0,0,0,16.1,third,man,True,southampton,no,True,16.1,0,False,False,True,1,1
0,1,male,61.0,0,0,32.3208,first,man,True,southampton,no,True,32.3208,0,False,False,True,1,1
0,2,male,57.0,0,0,12.35,second,man,True,queenstown,no,True,12.35,0,False,True,False,1,1
1,1,female,21.0,0,0,77.9583,first,woman,False,southampton,yes,True,65.6344,1,False,False,True,1,1
0,3,male,26.0,0,0,7.8958,third,man,True,southampton,no,True,7.8958,0,False,False,True,1,1
0,3,male,25.0,0,0,7.7333,third,man,True,queenstown,no,True,7.7333,0,False,True,False,1,1
1,1,male,80.0,0,0,30.0,first,man,True,southampton,yes,True,30.0,0,False,False,True,1,1
0,3,male,51.0,0,0,7.0542,third,man,True,southampton,no,True,7.0542,0,False,False,True,1,1
1,1,male,32.0,0,0,30.5,first,man,True,cherbourg,yes,True,30.5,0,True,False,False,1,1
0,1,male,40.0,0,0,0.0,first,man,True,southampton,no,True,0.0,0,False,False,True,1,1
0,3,female,9.0,3,2,27.9,third,child,False,southampton,no,False,27.9,1,False,False,True,6,0
1,2,female,28.0,0,0,13.0,second,woman,False,southampton,yes,True,13.0,1,False,False,True,1,1
0,3,male,32.0,0,0,7.925,third,man,True,southampton,no,True,7.925,0,False,False,True,1,1
0,2,male,31.0,1,1,26.25,second,man,True,southampton,no,False,26.25,0,False,False,True,3,0
0,3,female,41.0,0,5,39.6875,third,woman,False,southampton,no,False,39.6875,1,False,False,True,6,0
0,3,male,25.0,1,0,16.1,third,man,True,southampton,no,False,16.1,0,False,False,True,2,0
0,3,male,20.0,0,0,7.8542,third,man,True,southampton,no,True,7.8542,0,False,False,True,1,1
1,1,female,24.0,0,0,69.3,first,woman,False,cherbourg,yes,True,65.6344,1,True,False,False,1,1
0,3,female,2.0,3,2,27.9,third,child,False,southampton,no,False,27.9,1,False,False,True,6,0
1,3,male,25.0,0,0,56.4958,third,man,True,southampton,yes,True,56.4958,0,False,False,True,1,1
1,3,female,0.75,2,1,19.2583,third,child,False,cherbourg,yes,False,19.2583,1,True,False,False,4,0
1,1,male,48.0,1,0,76.7292,first,man,True,cherbourg,yes,False,65.6344,0,True,False,False,2,0
0,3,male,19.0,0,0,7.8958,third,man,True,southampton,no,True,7.8958,0,False,False,True,1,1
1,1,male,56.0,0,0,35.5,first,man,True,cherbourg,yes,True,35.5,0,True,False,False,1,1
0,3,male,25.0,0,0,7.55,third,man,True,southampton,no,True,7.55,0,False,False,True,1,1
1,3,female,23.0,0,0,7.55,third,woman,False,southampton,yes,True,7.55,1,False,False,True,1,1
0,3,male,25.0,0,0,7.8958,third,man,True,southampton,no,True,7.8958,0,False,False,True,1,1
1,2,female,18.0,0,1,23.0,second,woman,False,southampton,yes,False,23.0,1,False,False,True,2,0
0,3,male,21.0,0,0,8.4333,third,man,True,southampton,no,True,8.4333,0,False,False,True,1,1
1,3,female,21.5,0,0,7.8292,third,woman,False,queenstown,yes,True,7.8292,1,False,True,False,1,1
0,3,female,18.0,0,0,6.75,third,woman,False,queenstown,no,True,6.75,1,False,True,False,1,1
0,2,male,24.0,2,0,73.5,second,man,True,southampton,no,False,65.6344,0,False,False,True,3,0
0,3,male,25.0,0,0,7.8958,third,man,True,southampton,no,True,7.8958,0,False,False,True,1,1
0,3,female,32.0,1,1,15.5,third,woman,False,queenstown,no,False,15.5,1,False,True,False,3,0
0,2,male,23.0,0,0,13.0,second,man,True,southampton,no,True,13.0,0,False,False,True,1,1
0,1,male,58.0,0,2,113.275,first,man,True,cherbourg,no,False,65.6344,0,True,False,False,3,0
1,1,male,50.0,2,0,133.65,first,man,True,southampton,yes,False,65.6344,0,False,False,True,3,0
0,3,male,40.0,0,0,7.225,third,man,True,cherbourg,no,True,7.225,0,True,False,False,1,1
0,1,male,47.0,0,0,25.5875,first,man,True,southampton,no,True,25.5875,0,False,False,True,1,1
0,3,male,36.0,0,0,7.4958,third,man,True,southampton,no,True,7.4958,0,False,False,True,1,1
1,3,male,20.0,1,0,7.925,third,man,True,southampton,yes,False,7.925,0,False,False,True,2,0
0,2,male,32.0,2,0,73.5,second,man,True,southampton,no,False,65.6344,0,False,False,True,3,0
0,2,male,25.0,0,0,13.0,second,man,True,southampton,no,True,13.0,0,False,False,True,1,1
0,3,male,25.0,0,0,7.775,third,man,True,southampton,no,True,7.775,0,False,False,True,1,1
0,3,male,43.0,0,0,8.05,third,man,True,southampton,no,True,8.05,0,False,False,True,1,1
1,1,female,35.0,1,0,52.0,first,woman,False,southampton,yes,False,52.0,1,False,False,True,2,0
1,2,female,40.0,1,1,39.0,second,woman,False,southampton,yes,False,39.0,1,False,False,True,3,0
0,1,male,31.0,1,0,52.0,first,man,True,southampton,no,False,52.0,0,False,False,True,2,0
0,2,male,70.0,0,0,10.5,second,man,True,southampton,no,True,10.5,0,False,False,True,1,1
1,2,male,31.0,0,0,13.0,second,man,True,southampton,yes,True,13.0,0,False,False,True,1,1
0,2,male,30.0,0,0,0.0,second,man,True,southampton,no,True,0.0,0,False,False,True,1,1
0,3,male,18.0,0,0,7.775,third,man,True,southampton,no,True,7.775,0,False,False,True,1,1
0,3,male,24.5,0,0,8.05,third,man,True,southampton,no,True,8.05,0,False,False,True,1,1
1,3,female,18.0,0,0,9.8417,third,woman,False,southampton,yes,True,9.8417,1,False,False,True,1,1
0,3,female,43.0,1,6,46.9,third,woman,False,southampton,no,False,46.9,1,False,False,True,8,0
1,1,male,36.0,0,1,512.3292,first,man,True,cherbourg,yes,False,65.6344,0,True,False,False,2,0
0,3,female,21.5,0,0,8.1375,third,woman,False,queenstown,no,True,8.1375,1,False,True,False,1,1
1,1,male,27.0,0,0,76.7292,first,man,True,cherbourg,yes,True,65.6344,0,True,False,False,1,1
0,3,male,20.0,0,0,9.225,third,man,True,southampton,no,True,9.225,0,False,False,True,1,1
0,3,male,14.0,5,2,46.9,third,child,False,southampton,no,False,46.9,0,False,False,True,8,0
0,2,male,60.0,1,1,39.0,second,man,True,southampton,no,False,39.0,0,False,False,True,3,0
0,2,male,25.0,1,2,41.5792,second,man,True,cherbourg,no,False,41.5792,0,True,False,False,4,0
0,3,male,14.0,4,1,39.6875,third,child,False,southampton,no,False,39.6875,0,False,False,True,6,0
0,3,male,19.0,0,0,10.1708,third,man,True,southampton,no,True,10.1708,0,False,False,True,1,1
0,3,male,18.0,0,0,7.7958,third,man,True,southampton,no,True,7.7958,0,False,False,True,1,1
1,1,female,15.0,0,1,211.3375,first,child,False,southampton,yes,False,65.6344,1,False,False,True,2,0
1,1,male,31.0,1,0,57.0,first,man,True,southampton,yes,False,57.0,0,False,False,True,2,0
1,3,female,4.0,0,1,13.4167,third,child,False,cherbourg,yes,False,13.4167,1,True,False,False,2,0
1,3,male,25.0,0,0,56.4958,third,man,True,southampton,yes,True,56.4958,0,False,False,True,1,1
0,3,male,25.0,0,0,7.225,third,man,True,cherbourg,no,True,7.225,0,True,False,False,1,1
0,1,male,60.0,0,0,26.55,first,man,True,southampton,no,True,26.55,0,False,False,True,1,1
0,2,male,52.0,0,0,13.5,second,man,True,southampton,no,True,13.5,0,False,False,True,1,1
0,3,male,44.0,0,0,8.05,third,man,True,southampton,no,True,8.05,0,False,False,True,1,1
1,3,female,21.5,0,0,7.7333,third,woman,False,queenstown,yes,True,7.7333,1,False,True,False,1,1
0,1,male,49.0,1,1,110.8833,first,man,True,cherbourg,no,False,65.6344,0,True,False,False,3,0
0,3,male,42.0,0,0,7.65,third,man,True,southampton,no,True,7.65,0,False,False,True,1,1
1,1,female,18.0,1,0,227.525,first,woman,False,cherbourg,yes,False,65.6344,1,True,False,False,2,0
1,1,male,35.0,0,0,26.2875,first,man,True,southampton,yes,True,26.2875,0,False,False,True,1,1
0,3,female,18.0,0,1,14.4542,third,woman,False,cherbourg,no,False,14.4542,1,True,False,False,2,0
0,3,male,25.0,0,0,7.7417,third,man,True,queenstown,no,True,7.7417,0,False,True,False,1,1
0,3,male,26.0,1,0,7.8542,third,man,True,southampton,no,False,7.8542,0,False,False,True,2,0
0,2,male,39.0,0,0,26.0,second,man,True,southampton,no,True,26.0,0,False,False,True,1,1
1,2,female,45.0,0,0,13.5,second,woman,False,southampton,yes,True,13.5,1,False,False,True,1,1
1,1,male,42.0,0,0,26.2875,first,man,True,southampton,yes,True,26.2875,0,False,False,True,1,1
1,1,female,22.0,0,0,151.55,first,woman,False,southampton,yes,True,65.6344,1,False,False,True,1,1
1,3,male,25.0,1,1,15.2458,third,man,True,cherbourg,yes,False,15.2458,0,True,False,False,3,0
1,1,female,24.0,0,0,49.5042,first,woman,False,cherbourg,yes,True,49.5042,1,True,False,False,1,1
0,1,male,40.0,0,0,26.55,first,man,True,southampton,no,True,26.55,0,False,False,True,1,1
1,1,male,48.0,1,0,52.0,first,man,True,southampton,yes,False,52.0,0,False,False,True,2,0
0,3,male,29.0,0,0,9.4833,third,man,True,southampton,no,True,9.4833,0,False,False,True,1,1
0,2,male,52.0,0,0,13.0,second,man,True,southampton,no,True,13.0,0,False,False,True,1,1
0,3,male,19.0,0,0,7.65,third,man,True,southampton,no,True,7.65,0,False,False,True,1,1
1,1,female,38.0,0,0,227.525,first,woman,False,cherbourg,yes,True,65.6344,1,True,False,False,1,1
1,2,female,27.0,0,0,10.5,second,woman,False,southampton,yes,True,10.5,1,False,False,True,1,1
0,3,male,25.0,0,0,15.5,third,man,True,queenstown,no,True,15.5,0,False,True,False,1,1
0,3,male,33.0,0,0,7.775,third,man,True,southampton,no,True,7.775,0,False,False,True,1,1
1,2,female,6.0,0,1,33.0,second,child,False,southampton,yes,False,33.0,1,False,False,True,2,0
0,3,male,17.0,1,0,7.0542,third,man,True,southampton,no,False,7.0542,0,False,False,True,2,0
0,2,male,34.0,0,0,13.0,second,man,True,southampton,no,True,13.0,0,False,False,True,1,1
0,2,male,50.0,0,0,13.0,second,man,True,southampton,no,True,13.0,0,False,False,True,1,1
1,1,male,27.0,1,0,53.1,first,man,True,southampton,yes,False,53.1,0,False,False,True,2,0
0,3,male,20.0,0,0,8.6625,third,man,True,southampton,no,True,8.6625,0,False,False,True,1,1
1,2,female,30.0,3,0,21.0,second,woman,False,southampton,yes,False,21.0,1,False,False,True,4,0
1,3,female,21.5,0,0,7.7375,third,woman,False,queenstown,yes,True,7.7375,1,False,True,False,1,1
0,2,male,25.0,1,0,26.0,second,man,True,southampton,no,False,26.0,0,False,False,True,2,0
0,3,female,25.0,1,0,7.925,third,woman,False,southampton,no,False,7.925,1,False,False,True,2,0
1,1,female,29.0,0,0,211.3375,first,woman,False,southampton,yes,True,65.6344,1,False,False,True,1,1
0,3,male,11.0,0,0,18.7875,third,child,False,cherbourg,no,True,18.7875,0,True,False,False,1,1
0,2,male,30.0,0,0,0.0,second,man,True,southampton,no,True,0.0,0,False,False,True,1,1
0,2,male,23.0,0,0,13.0,second,man,True,southampton,no,True,13.0,0,False,False,True,1,1
0,2,male,23.0,0,0,13.0,second,man,True,southampton,no,True,13.0,0,False,False,True,1,1
0,3,male,28.5,0,0,16.1,third,man,True,southampton,no,True,16.1,0,False,False,True,1,1
0,3,female,48.0,1,3,34.375,third,woman,False,southampton,no,False,34.375,1,False,False,True,5,0
1,1,male,35.0,0,0,512.3292,first,man,True,cherbourg,yes,True,65.6344,0,True,False,False,1,1
0,3,male,25.0,0,0,7.8958,third,man,True,southampton,no,True,7.8958,0,False,False,True,1,1
0,3,male,25.0,0,0,7.8958,third,man,True,southampton,no,True,7.8958,0,False,False,True,1,1
1,1,male,40.0,0,0,30.0,first,man,True,southampton,yes,True,30.0,0,False,False,True,1,1
0,1,male,36.0,1,0,78.85,first,man,True,southampton,no,False,65.6344,0,False,False,True,2,0
1,1,female,21.0,2,2,262.375,first,woman,False,cherbourg,yes,False,65.6344,1,True,False,False,5,0
0,3,male,24.0,1,0,16.1,third,man,True,southampton,no,False,16.1,0,False,False,True,2,0
1,3,male,31.0,0,0,7.925,third,man,True,southampton,yes,True,7.925,0,False,False,True,1,1
0,1,male,70.0,1,1,71.0,first,man,True,southampton,no,False,65.6344,0,False,False,True,3,0
0,3,male,16.0,1,1,20.25,third,man,True,southampton,no,False,20.25,0,False,False,True,3,0
1,2,female,30.0,0,0,13.0,second,woman,False,southampton,yes,True,13.0,1,False,False,True,1,1
0,1,male,19.0,1,0,53.1,first,man,True,southampton,no,False,53.1,0,False,False,True,2,0
0,3,male,31.0,0,0,7.75,third,man,True,queenstown,no,True,7.75,0,False,True,False,1,1
1,2,female,4.0,1,1,23.0,second,child,False,southampton,yes,False,23.0,1,False,False,True,3,0
1,3,male,6.0,0,1,12.475,third,child,False,southampton,yes,False,12.475,0,False,False,True,2,0
0,3,male,33.0,0,0,9.5,third,man,True,southampton,no,True,9.5,0,False,False,True,1,1
0,3,male,23.0,0,0,7.8958,third,man,True,southampton,no,True,7.8958,0,False,False,True,1,1
1,2,female,48.0,1,2,65.0,second,woman,False,southampton,yes,False,65.0,1,False,False,True,4,0
1,2,male,0.67,1,1,14.5,second,child,False,southampton,yes,False,14.5,0,False,False,True,3,0
0,3,male,28.0,0,0,7.7958,third,man,True,southampton,no,True,7.7958,0,False,False,True,1,1
0,2,male,18.0,0,0,11.5,second,man,True,southampton,no,True,11.5,0,False,False,True,1,1
0,3,male,34.0,0,0,8.05,third,man,True,southampton,no,True,8.05,0,False,False,True,1,1
1,1,female,33.0,0,0,86.5,first,woman,False,southampton,yes,True,65.6344,1,False,False,True,1,1
0,3,male,25.0,0,0,14.5,third,man,True,southampton,no,True,14.5,0,False,False,True,1,1
0,3,male,41.0,0,0,7.125,third,man,True,southampton,no,True,7.125,0,False,False,True,1,1
1,3,male,20.0,0,0,7.2292,third,man,True,cherbourg,yes,True,7.2292,0,True,False,False,1,1
1,1,female,36.0,1,2,120.0,first,woman,False,southampton,yes,False,65.6344,1,False,False,True,4,0
0,3,male,16.0,0,0,7.775,third,man,True,southampton,no,True,7.775,0,False,False,True,1,1
1,1,female,51.0,1,0,77.9583,first,woman,False,southampton,yes,False,65.6344,1,False,False,True,2,0
0,1,male,40.0,0,0,39.6,first,man,True,cherbourg,no,True,39.6,0,True,False,False,1,1
0,3,female,30.5,0,0,7.75,third,woman,False,queenstown,no,True,7.75,1,False,True,False,1,1
0,3,male,25.0,1,0,24.15,third,man,True,queenstown,no,False,24.15,0,False,True,False,2,0
0,3,male,32.0,0,0,8.3625,third,man,True,southampton,no,True,8.3625,0,False,False,True,1,1
0,3,male,24.0,0,0,9.5,third,man,True,southampton,no,True,9.5,0,False,False,True,1,1
0,3,male,48.0,0,0,7.8542,third,man,True,southampton,no,True,7.8542,0,False,False,True,1,1
0,2,female,57.0,0,0,10.5,second,woman,False,southampton,no,True,10.5,1,False,False,True,1,1
0,3,male,25.0,0,0,7.225,third,man,True,cherbourg,no,True,7.225,0,True,False,False,1,1
1,2,female,54.0,1,3,23.0,second,woman,False,southampton,yes,False,23.0,1,False,False,True,5,0
0,3,male,18.0,0,0,7.75,third,man,True,southampton,no,True,7.75,0,False,False,True,1,1
0,3,male,25.0,0,0,7.75,third,man,True,queenstown,no,True,7.75,0,False,True,False,1,1
1,3,female,5.0,0,0,12.475,third,child,False,southampton,yes,True,12.475,1,False,False,True,1,1
0,3,male,25.0,0,0,7.7375,third,man,True,queenstown,no,True,7.7375,0,False,True,False,1,1
1,1,female,43.0,0,1,211.3375,first,woman,False,southampton,yes,False,65.6344,1,False,False,True,2,0
1,3,female,13.0,0,0,7.2292,third,child,False,cherbourg,yes,True,7.2292,1,True,False,False,1,1
1,1,female,17.0,1,0,57.0,first,woman,False,southampton,yes,False,57.0,1,False,False,True,2,0
0,1,male,29.0,0,0,30.0,first,man,True,southampton,no,True,30.0,0,False,False,True,1,1
0,3,male,25.0,1,2,23.45,third,man,True,southampton,no,False,23.45,0,False,False,True,4,0
0,3,male,25.0,0,0,7.05,third,man,True,southampton,no,True,7.05,0,False,False,True,1,1
0,3,male,25.0,0,0,7.25,third,man,True,southampton,no,True,7.25,0,False,False,True,1,1
1,3,female,18.0,0,0,7.4958,third,woman,False,southampton,yes,True,7.4958,1,False,False,True,1,1
0,3,male,8.0,4,1,29.125,third,child,False,queenstown,no,False,29.125,0,False,True,False,6,0
1,3,male,1.0,1,2,20.575,third,child,False,southampton,yes,False,20.575,0,False,False,True,4,0
0,1,male,46.0,0,0,79.2,first,man,True,cherbourg,no,True,65.6344,0,True,False,False,1,1
0,3,male,25.0,0,0,7.75,third,man,True,queenstown,no,True,7.75,0,False,True,False,1,1
0,2,male,16.0,0,0,26.0,second,man,True,southampton,no,True,26.0,0,False,False,True,1,1
0,3,female,21.5,8,2,69.55,third,woman,False,southampton,no,False,65.6344,1,False,False,True,11,0
0,1,male,40.0,0,0,30.6958,first,man,True,cherbourg,no,True,30.6958,0,True,False,False,1,1
0,3,male,25.0,0,0,7.8958,third,man,True,southampton,no,True,7.8958,0,False,False,True,1,1
0,2,male,39.0,0,0,13.0,second,man,True,southampton,no,True,13.0,0,False,False,True,1,1
1,1,female,49.0,0,0,25.9292,first,woman,False,southampton,yes,True,25.9292,1,False,False,True,1,1
1,3,female,31.0,0,0,8.6833,third,woman,False,southampton,yes,True,8.6833,1,False,False,True,1,1
0,3,male,30.0,0,0,7.2292,third,man,True,cherbourg,no,True,7.2292,0,True,False,False,1,1
0,3,female,30.0,1,1,24.15,third,woman,False,southampton,no,False,24.15,1,False,False,True,3,0
0,2,male,34.0,0,0,13.0,second,man,True,southampton,no,True,13.0,0,False,False,True,1,1
1,2,female,31.0,1,1,26.25,second,woman,False,southampton,yes,False,26.25,1,False,False,True,3,0
1,1,male,11.0,1,2,120.0,first,child,False,southampton,yes,False,65.6344,0,False,False,True,4,0
1,3,male,0.42,0,1,8.5167,third,child,False,cherbourg,yes,False,8.5167,0,True,False,False,2,0
1,3,male,27.0,0,0,6.975,third,man,True,southampton,yes,True,6.975,0,False,False,True,1,1
0,3,male,31.0,0,0,7.775,third,man,True,southampton,no,True,7.775,0,False,False,True,1,1
0,1,male,39.0,0,0,0.0,first,man,True,southampton,no,True,0.0,0,False,False,True,1,1
0,3,female,18.0,0,0,7.775,third,woman,False,southampton,no,True,7.775,1,False,False,True,1,1
0,2,male,39.0,0,0,13.0,second,man,True,southampton,no,True,13.0,0,False,False,True,1,1
1,1,female,33.0,1,0,53.1,first,woman,False,southampton,yes,False,53.1,1,False,False,True,2,0
0,3,male,26.0,0,0,7.8875,third,man,True,southampton,no,True,7.8875,0,False,False,True,1,1
0,3,male,39.0,0,0,24.15,third,man,True,southampton,no,True,24.15,0,False,False,True,1,1
0,2,male,35.0,0,0,10.5,second,man,True,southampton,no,True,10.5,0,False,False,True,1,1
0,3,female,6.0,4,2,31.275,third,child,False,southampton,no,False,31.275,1,False,False,True,7,0
0,3,male,30.5,0,0,8.05,third,man,True,southampton,no,True,8.05,0,False,False,True,1,1
0,1,male,40.0,0,0,0.0,first,man,True,southampton,no,True,0.0,0,False,False,True,1,1
0,3,female,23.0,0,0,7.925,third,woman,False,southampton,no,True,7.925,1,False,False,True,1,1
0,2,male,31.0,1,1,37.0042,second,man,True,cherbourg,no,False,37.0042,0,True,False,False,3,0
0,3,male,43.0,0,0,6.45,third,man,True,southampton,no,True,6.45,0,False,False,True,1,1
0,3,male,10.0,3,2,27.9,third,child,False,southampton,no,False,27.9,0,False,False,True,6,0
1,1,female,52.0,1,1,93.5,first,woman,False,southampton,yes,False,65.6344,1,False,False,True,3,0
1,3,male,27.0,0,0,8.6625,third,man,True,southampton,yes,True,8.6625,0,False,False,True,1,1
0,1,male,38.0,0,0,0.0,first,man,True,southampton,no,True,0.0,0,False,False,True,1,1
1,3,female,27.0,0,1,12.475,third,woman,False,southampton,yes,False,12.475,1,False,False,True,2,0
0,3,male,2.0,4,1,39.6875,third,child,False,southampton,no,False,39.6875,0,False,False,True,6,0
0,3,male,25.0,0,0,6.95,third,man,True,queenstown,no,True,6.95,0,False,True,False,1,1
0,3,male,25.0,0,0,56.4958,third,man,True,southampton,no,True,56.4958,0,False,False,True,1,1
1,2,male,1.0,0,2,37.0042,second,child,False,cherbourg,yes,False,37.0042,0,True,False,False,3,0
1,3,male,25.0,0,0,7.75,third,man,True,queenstown,yes,True,7.75,0,False,True,False,1,1
1,1,female,62.0,0,0,80.0,first,woman,False,southampton,yes,True,65.6344,1,False,False,True,1,1
1,3,female,15.0,1,0,14.4542,third,child,False,cherbourg,yes,False,14.4542,1,True,False,False,2,0
1,2,male,0.83,1,1,18.75,second,child,False,southampton,yes,False,18.75,0,False,False,True,3,0
0,3,male,25.0,0,0,7.2292,third,man,True,cherbourg,no,True,7.2292,0,True,False,False,1,1
0,3,male,23.0,0,0,7.8542,third,man,True,southampton,no,True,7.8542,0,False,False,True,1,1
0,3,male,18.0,0,0,8.3,third,man,True,southampton,no,True,8.3,0,False,False,True,1,1
1,1,female,39.0,1,1,83.1583,first,woman,False,cherbourg,yes,False,65.6344,1,True,False,False,3,0
0,3,male,21.0,0,0,8.6625,third,man,True,southampton,no,True,8.6625,0,False,False,True,1,1
0,3,male,25.0,0,0,8.05,third,man,True,southampton,no,True,8.05,0,False,False,True,1,1
1,3,male,32.0,0,0,56.4958,third,man,True,southampton,yes,True,56.4958,0,False,False,True,1,1
1,1,male,40.0,0,0,29.7,first,man,True,cherbourg,yes,True,29.7,0,True,False,False,1,1
0,3,male,20.0,0,0,7.925,third,man,True,southampton,no,True,7.925,0,False,False,True,1,1
0,2,male,16.0,0,0,10.5,second,man,True,southampton,no,True,10.5,0,False,False,True,1,1
1,1,female,30.0,0,0,31.0,first,woman,False,cherbourg,yes,True,31.0,1,True,False,False,1,1
0,3,male,34.5,0,0,6.4375,third,man,True,cherbourg,no,True,6.4375,0,True,False,False,1,1
0,3,male,17.0,0,0,8.6625,third,man,True,southampton,no,True,8.6625,0,False,False,True,1,1
0,3,male,42.0,0,0,7.55,third,man,True,southampton,no,True,7.55,0,False,False,True,1,1
0,3,male,25.0,8,2,69.55,third,man,True,southampton,no,False,65.6344,0,False,False,True,11,0
0,3,male,35.0,0,0,7.8958,third,man,True,cherbourg,no,True,7.8958,0,True,False,False,1,1
0,2,male,28.0,0,1,33.0,second,man,True,southampton,no,False,33.0,0,False,False,True,2,0
1,1,female,35.0,1,0,89.1042,first,woman,False,cherbourg,yes,False,65.6344,1,True,False,False,2,0
0,3,male,4.0,4,2,31.275,third,child,False,southampton,no,False,31.275,0,False,False,True,7,0
0,3,male,74.0,0,0,7.775,third,man,True,southampton,no,True,7.775,0,False,False,True,1,1
0,3,female,9.0,1,1,15.2458,third,child,False,cherbourg,no,False,15.2458,1,True,False,False,3,0
1,1,female,16.0,0,1,39.4,first,woman,False,southampton,yes,False,39.4,1,False,False,True,2,0
0,2,female,44.0,1,0,26.0,second,woman,False,southampton,no,False,26.0,1,False,False,True,2,0
1,3,female,18.0,0,1,9.35,third,woman,False,southampton,yes,False,9.35,1,False,False,True,2,0
1,1,female,45.0,1,1,164.8667,first,woman,False,southampton,yes,False,65.6344,1,False,False,True,3,0
1,1,male,51.0,0,0,26.55,first,man,True,southampton,yes,True,26.55,0,False,False,True,1,1
1,3,female,24.0,0,3,19.2583,third,woman,False,cherbourg,yes,False,19.2583,1,True,False,False,4,0
0,3,male,25.0,0,0,7.2292,third,man,True,cherbourg,no,True,7.2292,0,True,False,False,1,1
0,3,male,41.0,2,0,14.1083,third,man,True,southampton,no,False,14.1083,0,False,False,True,3,0
0,2,male,21.0,1,0,11.5,second,man,True,southampton,no,False,11.5,0,False,False,True,2,0
1,1,female,48.0,0,0,25.9292,first,woman,False,southampton,yes,True,25.9292,1,False,False,True,1,1
0,3,female,21.5,8,2,69.55,third,woman,False,southampton,no,False,65.6344,1,False,False,True,11,0
0,2,male,24.0,0,0,13.0,second,man,True,southampton,no,True,13.0,0,False,False,True,1,1
1,2,female,42.0,0,0,13.0,second,woman,False,southampton,yes,True,13.0,1,False,False,True,1,1
1,2,female,27.0,1,0,13.8583,second,woman,False,cherbourg,yes,False,13.8583,1,True,False,False,2,0
0,1,male,31.0,0,0,50.4958,first,man,True,southampton,no,True,50.4958,0,False,False,True,1,1
0,3,male,25.0,0,0,9.5,third,man,True,southampton,no,True,9.5,0,False,False,True,1,1
1,3,male,4.0,1,1,11.1333,third,child,False,southampton,yes,False,11.1333,0,False,False,True,3,0
0,3,male,26.0,0,0,7.8958,third,man,True,southampton,no,True,7.8958,0,False,False,True,1,1
1,1,female,47.0,1,1,52.5542,first,woman,False,southampton,yes,False,52.5542,1,False,False,True,3,0
0,1,male,33.0,0,0,5.0,first,man,True,southampton,no,True,5.0,0,False,False,True,1,1
0,3,male,47.0,0,0,9.0,third,man,True,southampton,no,True,9.0,0,False,False,True,1,1
1,2,female,28.0,1,0,24.0,second,woman,False,cherbourg,yes,False,24.0,1,True,False,False,2,0
1,3,female,15.0,0,0,7.225,third,child,False,cherbourg,yes,True,7.225,1,True,False,False,1,1
0,3,male,20.0,0,0,9.8458,third,man,True,southampton,no,True,9.8458,0,False,False,True,1,1
0,3,male,19.0,0,0,7.8958,third,man,True,southampton,no,True,7.8958,0,False,False,True,1,1
0,3,male,25.0,0,0,7.8958,third,man,True,southampton,no,True,7.8958,0,False,False,True,1,1
1,1,female,56.0,0,1,83.1583,first,woman,False,cherbourg,yes,False,65.6344,1,True,False,False,2,0
1,2,female,25.0,0,1,26.0,second,woman,False,southampton,yes,False,26.0,1,False,False,True,2,0
0,3,male,33.0,0,0,7.8958,third,man,True,southampton,no,True,7.8958,0,False,False,True,1,1
0,3,female,22.0,0,0,10.5167,third,woman,False,southampton,no,True,10.5167,1,False,False,True,1,1
0,2,male,28.0,0,0,10.5,second,man,True,southampton,no,True,10.5,0,False,False,True,1,1
0,3,male,25.0,0,0,7.05,third,man,True,southampton,no,True,7.05,0,False,False,True,1,1
0,3,female,39.0,0,5,29.125,third,woman,False,queenstown,no,False,29.125,1,False,True,False,6,0
0,2,male,27.0,0,0,13.0,second,man,True,southampton,no,True,13.0,0,False,False,True,1,1
1,1,female,19.0,0,0,30.0,first,woman,False,southampton,yes,True,30.0,1,False,False,True,1,1
0,3,female,21.5,1,2,23.45,third,woman,False,southampton,no,False,23.45,1,False,False,True,4,0
1,1,male,26.0,0,0,30.0,first,man,True,cherbourg,yes,True,30.0,0,True,False,False,1,1
0,3,male,32.0,0,0,7.75,third,man,True,queenstown,no,True,7.75,0,False,True,False,1,1
